:020000040800F2
:1000000000680020A10300081D8F00088771000808
:10001000AD8A0008D10D0008A1A80008000000006A
:10002000000000000000000000000000E1020008E5
:1000300019170008000000003D030008999500080A
:10004000BF030008BF030008BF030008BF03000888
:10005000BF030008BF030008BF030008BF03000878
:10006000BF030008BF030008BF030008910F00088A
:100070009D0F0008A90F0008BF030008BF03000878
:10008000B50F0008C10F0008BF03000835180008AD
:1000900041180008BF030008BF030008BF030008A1
:1000A000BF030008BF030008BF030008BF03000828
:1000B00021970008BF030008BF030008BF03000822
:1000C000BF030008BF030008BF030008BF03000808
:1000D000C5930008BF030008BF030008BF03000862
:1000E0001B170008BF03000800000000BF03000842
:1000F000BF030008BF030008BF030008BF030008D8
:10010000BF030008BF030008BF030008BF030008C7
:10011000BF030008759C0008BF030008BF03000868
:10012000BF030008BF030008BF030008BF030008A7
:10013000BF030008BF030008BF030008BF03000897
:1001400000000000000000000000000000000000AF
:10015000BF030008BF030008BF030008BF03000877
:10016000BF030008BF030008BF030008BF03000867
:10017000BF030008BF030008BF0300080000000021
:10018000BF030008BF030008BF030008BF03000847
:10019000BF030008BF030008D1930008BF03000895
:1001A000BF030008BF030008BF03000800000000F1
:1001B000BF030008BF030008BF030008BF03000817
:1001C000BF030008BF03000800000000000000009B
:1001D0000000000000000000BF0300080000000055
:1001E000000000000000000000000000000000000F
:1001F0000000000000000000BF030008BF0300086B
:10020000BF030008BF03000800000000BF03000890
:10021000BF030008BF030008BF030008BF030008B6
:10022000BF03000800000000BF030008000000003A
:10023000BF030008BF03000800000000BF03000860
:10024000BF030008BF030008BF030008BF03000886
:10025000BF030008BF030008BF030008BF03000876
:10026000BF030008BF030008BF030008BF03000866
:10027000BF030008BF030008BF0300080000000020
:10028000BF030008BF030008BF030008BF03000846
:1002900000000000BF030008BF03000800000000CA
:1002A00000000000BF030008BF030008BF030008F0
:1002B00055A60008BF030008BF0300084D1800083A
:1002C000BF030008BF030008BF030008DFF80CD01D
:1002D00000F094FA0048004759BD0008006800206B
:1002E0002C4B19680868B0E8F04F80F30988BFF319
:1002F0006F8F4FF0000080F31188704700000000FE
:1003000008480068006880F308884FF0000080F318
:10031000148862B661B6BFF34F8FBFF36F8F00DFF3
:1003200000BF00BF08ED00E0DFF80C00016841F4F9
:1003300070010160704700BF88ED00E0EFF30980B5
:10034000BFF36F8F134B1A681EF0100F08BF20ED1C
:10035000108A20E9F04F106009B44FF0500080F38C
:100360001188BFF34F8FBFF36F8F0CF0F3FF4FF087
:10037000000080F3118809BC19680868B0E8F04FE4
:100380001EF0100F08BFB0EC108A80F30988BFF38D
:100390006F8F70472C000020EFF30580704700003E
:1003A000074880470748804707480047FEE7FEE7C1
:1003B000FEE7FEE7FEE7FEE7FEE7FEE7FEE7FEE715
:1003C0001918000849960008CD0200082DE9F05FD1
:1003D0000546002092469B468846064681464024B4
:1003E0001BE0284641464746224600F063F9534643
:1003F0005A46C01A914110D311461846224600F0C1
:1004000016F82D1A67EB01084F46224601200021FD
:1004100000F00DF817EB00094E41201EA4F1010475
:10042000DFDC484631462A464346BDE8F09F202A95
:1004300004DB203A00FA02F1002070479140C2F13B
:10044000200320FA03F319439040704740EA010368
:100450009B0703D009E008C9121F08C0042AFAD27A
:1004600003E011F8013B00F8013B521EF9D270473E
:10047000D2B201E000F8012B491EFBD270470022E6
:10048000F6E710B513460A4604461946FFF7F0FF93
:10049000204610BD2DE9FE4F81EA030404F000441C
:1004A00021F0004100944FF0000B23F0004350EA8C
:1004B00001045ED052EA03045BD0C3F30A54C1F3D3
:1004C0000A552C44A4F2F3340194A0FB0254C1F366
:1004D000130141F48011C3F3130343F4801301FBB0
:1004E000024400FB034E840A970A44EA815447EA17
:1004F0008357A4FB076802958D0A05FB07854FEA21
:10050000932C04FB0C542705029D4FEA065847EA3A
:100510001637B5EB08056EEB070C870E920E47EA0F
:10052000811742EA8312A7FB0201B6EB0B0164EBD1
:1005300000042B0D43EA0C335E1844EB1C50DA46E2
:100540005146E7FB0201C5F313044FEA0B3343EABC
:1005500014534FEA0432019C43EA0603A4F10C044D
:100560000294009CCDE900B400F0FAF803B0BDE8B5
:10057000F08F00200146F9E72DE9F04D81EA0304F0
:1005800004F0004B21F0004514464FF0000A23F020
:10059000004150EA050220D054EA01021DD0C5F303
:1005A0000A570246C5F31303C1F31300C1F30A56F9
:1005B00040F4801543F48013A7EB0608101BD646C1
:1005C00008F2FD3873EB050002D308F1010801E0E1
:1005D00092185B41B8F1000F03DA00200146BDE834
:1005E000F08D00204FF48011064684460EE0171B64
:1005F00073EB050705D3121B63EB050306434CEAB7
:10060000010C49084FEA300092185B4150EA01079B
:10061000EDD152EA030012D082EA040083EA050118
:10062000084305D0101BAB4106D20122002306E08F
:1006300000224FF0004302E06FF0010253101AEB6A
:1006400006004CEB085110EB0A0041EB0B01BDE832
:10065000F04D00F076B800F0004230F000400AD0D3
:10066000C10D01F56071C0F3160042EA0151C208E4
:1006700040071143704700200146704701F00043D6
:1006800030B421F0004150EA010206D00A0DA2F573
:100690006072C1F31301002A02DC30BC00207047F5
:1006A000440F44EAC104C100E01830BC00EBC25062
:1006B00000F010B8202A04DB203A21FA02F00021D1
:1006C000704721FA02F3D040C2F120029140084362
:1006D000194670470029A8BF7047401C490008BF51
:1006E00020F00100704710B4B0FA80FC00FA0CF062
:1006F00050EA010404BF10BC704749B1CCF120049A
:1007000021FA04F411FA0CF118BF01212143084326
:10071000A3EB0C01CB1D4FEA00614FEA102042BF52
:10072000002010BC704700EBC35010440029A4BF48
:1007300010BC7047401C490008BF20F0010010BCED
:10074000704710B5141E73F1000408DA401C41F123
:10075000000192185B411A4301D120F0010010BD45
:100760002DE9F04D92469B4611B1B1FA81F202E0BB
:10077000B0FA80F220329046FFF759FE04460F4649
:1007800040EA0A0041EA0B0153465A46084313D097
:10079000114653EA010019D0C8F140025046FFF754
:1007A00089FF05460E46504659464246FFF73FFE32
:1007B000084305D0012004E020463946BDE8F08D0D
:1007C0000020054346EAE0762C4337430A98630548
:1007D000E40AA0EB08000022FD0A44EA47540A306C
:1007E00002D500200146E9E7010510196941DDE95C
:1007F000084500196941BDE8F04DA2E7064C074DD8
:1008000006E0E06840F0010394E8070098471034E0
:10081000AC42F6D3FFF75EFD80EB0008B0EB0008BA
:1008200070B58C1810F8015B15F0070301D110F8B2
:10083000013B2A1106D110F8012B03E010F8016BDF
:1008400001F8016B5B1EF9D12B0705D40023521E62
:100850000DD401F8013BFAE710F8013BCB1A921CCA
:1008600003E013F8015B01F8015B521EF9D5A142C8
:10087000D8D3002070BD00009FED290A016891F9CE
:10088000081001291ED04A1C1CD0B7EE001A41687E
:10089000D1ED041AD1ED020AF5EEC01AF1EE10FA0C
:1008A00004D1F5EEC00AF1EE10FA03D091ED030A7F
:1008B00030EE610AB5EEC00AF1EE10FA07DDF0EE97
:1008C000401A06E000EE901AB8EEE01ADFE7F1EE0B
:1008D000401A11EE902A134B9A4216DDB5EEC00A6B
:1008E000F1EE10FA08DDDFED101A30EE210A40EECD
:1008F000010AC1ED020A0CE0DFED0C1A30EE210A0C
:1009000040EE010AC1ED020A03E040EE010AC1ED2A
:10091000020A406890ED030A80ED040A7047000067
:1009200000000000DB0F4940DB0FC9C0DB0FC940EE
:1009300010B59FED3E0A026892F9001001291ED001
:100940004B1C1CD0B7EE001A4168D1ED091AD1ED4D
:10095000070AF5EEC01AF1EE10FA04D1F5EEC00A5E
:10096000F1EE10FA03D091ED080A30EE610AB5EE0F
:10097000C00AF1EE10FA07DDF0EE401A06E000EED4
:10098000901AB8EEE01ADFE7F1EE401A11EE903A55
:10099000274CA3421BDCB5EEC00AF1EE10FA02DDD3
:1009A000F0EE401A01E0F1EE401A11EE903A214CBF
:1009B000A34202DD137A012B09D040EE010AC1EDFA
:1009C000070A406890ED080A80ED090A10BDB5EEEF
:1009D000C00AF1EE10FA14DD127A012A08D0DFED18
:1009E000161A30EE210A40EE010AC1ED070AE8E7C7
:1009F000DFED121A30EE210A40EE010AC1ED070ABE
:100A0000DFE7127A012A08D0DFED0D1A30EE210A55
:100A100040EE010AC1ED070AD3E7DFED0A1A30EE16
:100A2000210A40EE010AC1ED070ACAE700000000F2
:100A3000DB0F494018104C3EDB0FC9C01810CCBE6C
:100A4000DB0FC9401810CC3E01221146014803F0CB
:100A50006DB900000008025800220121014803F08E
:100A600065B9000000080258704700000122082103
:100A7000014803F05BB90000000802580022082179
:100A8000014803F053B9000000080258704770B5E0
:100A900004464FF47A7502E0284600F004F8641E1C
:100AA000A4B2F9D270BD70B505460AF081FD0446C6
:100AB0000AF07EFD001BA842FAD370BD10B5FFF707
:100AC000D3FFFFF7E3FF0AF07FFC04460AF002FDC4
:100AD000204310BD2DE9FC4104460D46164600207A
:100AE00000900190FFF7B8FF922000F0BFF80622B7
:100AF0006946122000F09CF8FFF7A6FF9DF8010060
:100B00009DF80010000200B2084300EE100A474FA3
:100B1000B8EEC00AD7ED000A20EE200A85ED000AE3
:100B20009DF803009DF80210000200B2084300EE99
:100B3000100AF8EEC00A97ED000A60EE800AC5EDD3
:100B4000010A9DF805009DF80410000200B2084358
:100B500000EE900AF8EEE00A20EE800A85ED020A27
:100B6000FFF78CFF08226946002000F061F8FFF7CC
:100B70007DFF9DF800000F2830D19DF803009DF8FF
:100B80000210000200B2084300EE100AD7ED010A7D
:100B9000B8EEC00A20EE200A84ED000A9DF8050098
:100BA0009DF80410000200B2084300EE100AF8EEAF
:100BB000C00A97ED010A60EE800AC4ED010A9DF8B3
:100BC00007009DF80610000200B2084300EE900AEC
:100BD000F8EEE00A20EE800A84ED020AFFF73CFFFF
:100BE000A22000F043F802226946222000F020F8FB
:100BF000FFF72AFF9DF800009DF80110C00040EAB1
:100C00005110B0F5806F02DBA0F5006000B200EE7D
:100C1000100AB4EE001AF8EEC00AB3EE070A00EEAE
:100C2000810A86ED000ABDE8FC8100000C0200206C
:100C300070B50D46144640F0800000F017F806E04D
:100C4000552000F013F805F8010B641EE4B2002CE7
:100C5000F6D170BD10B50C4640F0800000F006F8EB
:100C6000552000F003F8207010BD000001B582B0DF
:100C70004FF47A700090012301AA02A9024805F0FE
:100C800063F89DF804000EBD600C002010B50C4602
:100C9000FFF7ECFF2046BDE81040FFF7E7BF00007C
:100CA00070B504462DED088BF0EE60AAF0EE618A77
:100CB000B0EE42AAB0EE628A0D46164610EE100A59
:100CC000FFF7C9FC9FED3F9B53EC192BFFF7E2FBAD
:100CD000FFF7D4FC0BEE100A1AEE900AFFF7BBFCEC
:100CE00053EC192BFFF7D6FBFFF7C8FC09EE900A6F
:100CF000B0EE4B0A0AF0CAFA9FED349A40EE098A28
:100D0000B0EE690A0AF0C2FAF0EE40AAB0EE4B0A61
:100D10000AF04CF82AEE800A00EE49AAB0EE690A01
:100D20000AF044F8F0EE40AAB0EE4B0A0AF03EF8A2
:100D30002AEE800A00EE498AB0EE4B0A0AF036F835
:100D400020EE289AB0EE4B0A0AF0A0FA08EE009ABC
:100D500084ED009AB0EE690A0AF028F820EE0A9AAB
:100D6000B0EE690A0AF092FA08EE409A85ED009A10
:100D7000B0EE4B0A0AF01AF820EE088AB0EE690AC3
:100D80000AF014F828EE008AB0EE4B0A0AF07EFA58
:100D900060EE288AB0EE690A0AF008F808EEC08A08
:100DA000B0EE690A0AF072FA60EE0A8AB0EE4B0AF7
:100DB00009F0FCFF08EE808A86ED008ABDEC088B06
:100DC00070BD0000514CDE0033DF913F0AE81C414A
:100DD000FEE7000010B58AB00024029403940220BC
:100DE0000490012005900694079402A9094802F096
:100DF0009AF90222002311460648009402F0D7F91E
:100E000000220121034802F015F9024802F054FEC5
:100E10000AB010BD800A0020122802D10148826A5F
:100E2000104770471C0A002010B58AB000240294B5
:100E3000039402200490012005900694079402A9CF
:100E4000094802F070F90222002311460648009476
:100E500002F0ADF900220121034802F0EBF802484C
:100E600002F02AFE0AB010BD200B0020012802D19A
:100E70000148826A104770471C0A002010B58AB0EA
:100E8000002402940120039002200490059006940F
:100E9000079402A9094802F046F9022200231146EC
:100EA0000648009402F083F900221021034802F062
:100EB000C1F8024802F000FE0AB010BDC00B0020CD
:100EC00070474178007841EA00207047C178807807
:100ED00041EA002000B270474179007941EA0020E0
:100EE00000B270478079704700B589B00023019344
:100EF00000910821039104930593069302930893AC
:100F00000793694602F0D8F809B0002000BD416897
:100F10008A88521C92B28A8041680B889A4204D314
:100F20008B80406801218170704700208870704775
:100F3000426800211180024901610249C160704785
:100F40003DB600080F0F000810B50B480068816817
:100F500088470A48816988470948C16A884709481B
:100F6000C16A884708480169884707F0CDFF0748EC
:100F70004169BDE8104008473C020020D002002033
:100F8000A8090020DC0900201C0A00204C0A0020CF
:100F9000014801F00DB90000FC100020014801F0EB
:100FA00007B90000700D0020014801F001B90000F0
:100FB000E80D0020014801F0FBB80000741100208A
:100FC000014801F0F5B80000EC11002010B52C4AE2
:100FD000016891423AD02A4A1832914236D0284AC2
:100FE0003032914232D0264A483291422ED0244AA1
:100FF000603291422AD0224A7832914226D0204A49
:101000009032914222D01E4AA83291421ED01D4AEF
:1010100091421BD01B4A1832914217D0194A3032E4
:10102000914213D0174A483291420FD0154A60328C
:1010300091420BD0134A7832914207D0114A903234
:10104000914203D00F4AA832914214D1CAB2103A49
:101050001823B2FBF3F20C4C02F00703E35CC36508
:10106000032A04D96FF30901091D816506E06FF3B6
:101070000901816502E021F0FF018165806D10BDED
:101080001000024010040240A8DE000810B50168FC
:10109000224C0123CAB2A1421BD0204C1434A142DD
:1010A00017D01E4C2834A14213D01C4C3C34A14212
:1010B0000FD01A4C5034A1420BD0184C6434A142CA
:1010C00007D0164C7834A14203D0144C8C34A14282
:1010D0000FD1083A1421B2FBF1F1114A02EB81025F
:1010E00002660F4A8032426601F01F018B40836620
:1010F00010BD103A1824B2FBF4F20A4C2144A8297E
:1011000000D80832084901EB8201016606498031A6
:10111000416602F01F018B40836610BD08540258DF
:1011200000580258F0FBFDBF000802400279521E31
:10113000072A31D8194B016899421BD0174B143339
:10114000994217D0154B2833994213D0134B3C3397
:1011500099420FD0114B503399420BD00F4B64334F
:10116000994207D00D4B7833994203D00B4B8C3307
:10117000994207D10A4901EB8201C1660849403111
:10118000016706E0074901EB8201C166054940316C
:1011900001670121914041677047000008540258DF
:1011A000005902580009024010B5014600208B6921
:1011B0008A6A4FF0C074002B0ED0B3F5005F1AD0CE
:1011C00062B3012A2AD0022A28D0032A03D1C96A8D
:1011D000C90100D5012010BD1AB1012A06D0022A8A
:1011E000F9D1C96AC901F6D5012010BDC96AA14269
:1011F000FBD1012010BD52B1012A0AD0022A06D02B
:10120000032AF7D1C96AA142F4D1012010BD0120FF
:1012100010BDC96AC901FBD5012010BD012010BD58
:101220002DE9F04F856D8A4E894FDFF824C2DFF833
:101230002082DFF81C92DFF818A2DFF814B20468ED
:10124000A8360CF1180C08F1300809F148090AF128
:10125000600A0BF1780BBC426DD064456BD04445FD
:1012600069D04C4567D0544565D05C4563D0DFF804
:10127000E0E10EF1900E74455DD0B4425BD0DFF832
:10128000D4E1744557D0DFF8CCE10EF1180E744567
:1012900051D0DFF8C0E10EF1300E74454BD0DFF8CD
:1012A000B4E10EF1480E744545D0DFF8A8E10EF127
:1012B000600E74453FD0DFF89CE10EF1780E744566
:1012C00039D0DFF890E10EF1900E744533D0DFF89D
:1012D00084E10EF1A80E74452DD0DFF87CE1744551
:1012E00029D0DFF874E10EF1140E744523D0DFF835
:1012F00068E10EF1280E74451DD0DFF85CE10EF1B7
:101300003C0E744517D0DFF850E10EF1500E7445D5
:1013100011D0DFF844E10EF1640E74450BD0DFF814
:1013200038E10EF1780E744505D0DFF82CE10EF1AE
:101330008C0E744509D1D0E919E4CEF80440C46E8E
:101340001CB1D0E91CE4CEF804400468BC422ED0A5
:1013500064452CD044452AD04C4528D0544526D04D
:101360005C4524D03A4F9037BC4220D0B4421ED0C6
:10137000384EB4421BD0374E1836B44217D0354ED3
:101380003036B44213D0334E4836B4420FD0314ECB
:101390006036B4420BD02F4E7836B44207D02D4E73
:1013A0009036B44203D02B4EA836B4421BD190F8ED
:1013B0005C4004F01F063F24B440AC60046825681C
:1013C00025F480252560046863608368402B05D080
:1013D000036899600068C260BDE8F08F03689A6096
:1013E0000068C160F8E71C4EB4421BD01A4E143698
:1013F000B44217D0184E2836B44213D0164E3C369D
:10140000B4420FD0144E5036B4420BD0124E643654
:10141000B44207D0104E7836B44203D00E4E8C360C
:10142000B442D9D190F85C4004F01F060124B440C6
:101430006C60046863608368402B04D00368996023
:101440000068C260C8E703689A600068C160C3E7CB
:10145000100002401004024008540258C1680A6893
:10146000521C0A60C1684B689A4206D90B60C26878
:1014700001211172C06841727047087A0128FBD1BE
:1014800000200872704700000C4941610C49C1619D
:101490000C4901620C4941620C4981620C49C162EC
:1014A000C26801215172C2689172C26864215160A0
:1014B00040689FED080A80ED020A70477D1500081C
:1014C0003115000805150008D9140008398B0008EB
:1014D0005D1400080000000000280FD0C1684A7A9F
:1014E000012A06D081689FED060A81ED010A07F006
:1014F00091BB00224A72002107F070BB70470000C8
:101500000000000000280FD0C1684A7A012A06D0E6
:1015100081689FED060A81ED030A07F07BBB00227C
:101520004A72002107F05ABB70470000000000001B
:1015300010B504462DED028B002C10D0E068417AE6
:1015400001290FD0A0689FED0C8A80ED038A80ED01
:10155000048A204607F05EFBA06880ED008ABDEC9F
:10156000028B10BD002141722046BDEC028BBDE80C
:10157000104007F033BB00000000000000280AD034
:1015800081689FED050A81ED000A816881ED040AFA
:10159000806880ED030A70470000000010B509F074
:1015A00065F809F075F8FFF715FCFFF73DFCBDE89D
:1015B0001040FFF763BC00002DE9F05F044652497C
:1015C0000868C069C0067DD5D4F880004F4E4F4FE3
:1015D00000684E4DDFF83481DFF83091DFF82CA140
:1015E000DFF828B11836303708F1480809F16009EA
:1015F0000AF1780A0BF1900BA8422ED0B0422CD001
:10160000B8422AD0404528D0484526D0504524D05D
:10161000584522D03D4AA83290421ED03C4A9042C2
:101620001BD03B4A1832904217D0394A3032904290
:1016300013D0374A483290420FD0354A6032904238
:101640000BD0334A7832904207D0314A90329042E0
:1016500003D02F4AA832904204D1026822F001023E
:10166000026003E0026822F00102026009681020B3
:1016700008624FF4C8722749234805F05DFD2548EC
:1016800009F004F8D4F880000068A84230D0B042D5
:101690002ED0B8422CD040452AD0484528D05045BD
:1016A00026D0584524D01949A831884220D018495D
:1016B00088421DD016491831884219D0144930315A
:1016C000884200E018E013D01149483188420FD019
:1016D0000F49603188420BD00D497831884207D0DC
:1016E0000B499031884203D00949A831884205D17D
:1016F000016841F001010160BDE8F09F016841F01F
:1017000001010160F8E700006810002010000240AD
:101710001004024000000024704710B54FF48060B0
:1017200002F0EDF9BDE810404FF4805002F0E7B947
:1017300010B54168406891ED090A4269B5EEC00AEA
:10174000F1EE10FA00D18AB1088A0B8BC01A00B2F0
:1017500000F6FF7341F6FE74A3420FD9002807DBA1
:10176000A0F5F850FF381044486109E00020EFE789
:1017700041F6FF7318441044486101E01044486189
:10178000088A088310BD0000016842689FED1D0AA9
:101790000B7ADFED1D0A118AB0EE001A012B0FD073
:1017A000032B1ED001EE901AF8EE611A81EE802A0A
:1017B00022EE200A20EE010A82ED080AFFF7B8B8EF
:1017C00001EE901AF8EE611A81EE802A22EE200ACC
:1017D000DFED0E0A20EE010A80EE201A82ED081AD3
:1017E000ECE701EE901AF8EE611A81EE802A22EE03
:1017F000200ADFED070A20EE010A80EE201A82EDB2
:10180000081ADBE700F8FF45DB0F49403C3C7C4110
:101810000000104272B6FEE70548016841F002017F
:1018200001600348083801688904FCD5704700004E
:101830000C480258014801F0ABBD0000800A0020AE
:10184000014801F0A5BD0000200B0020014801F077
:101850009FBD0000C00B002030B5426B036853F8F9
:10186000844F4FF6FC718C4344EA82041C60036889
:1018700053F8844F058F24F47F0444EA05441C6028
:10188000836B1A44036853F8884F8C4344EA8204FC
:101890001C60036853F8884F858F24F4FE0444EAE3
:1018A00005441C60C36B02EB4302036853F8A04F6E
:1018B0008C4344EA82041C60036853F8A04FB0F8DC
:1018C000405024F4FE0444EA05441C60D0E910347E
:1018D00003FB0422036853F8B04F8C4344EA8204AC
:1018E0001C60036853F8B04FB0F8485024F4FE046D
:1018F00044EA05441C60D0E9123403FB0422036867
:1019000053F8AC4F8C4344EA82041C60D0E9143491
:1019100003FB0422036853F8F04F8C4344EA82042B
:101920001C60036853F8F04FB0F8585024F47C144E
:1019300044EA05441C60836D02EB4303026852F8DD
:10194000C04F8C4344EA83011160016851F8C02FF5
:10195000B0F85C3022F47C1242EA03420A6001686B
:1019600051F8C02F90F8603022F07C5242EA0362B6
:101970000A60234A416B02EB8101C166826B01EB75
:1019800082020267C36B02EBC3024267D0E91034E4
:10199000634302EB83028267D0E91234634302EBB4
:1019A0008302C267D0E91434634302EB8302C0F8B8
:1019B0008020836D02EBC302C0F88420C46D836E67
:1019C0005C4302EB8402C0F88820046E5C4302EBA7
:1019D0008402C0F890200B4B9A4208D99830416895
:1019E00041F02001416003210170012030BD00223F
:1019F00000E004C1D0F890308B42FAD8002030BD0E
:101A000000AC0040FCD30040F0B5D1E901650C69A1
:101A10002C430D68002E1AD045F080452C43D1E9A7
:101A20000665354391F820704E6946EA07663543EE
:101A30008E8945EA0645D0F88460806E584306EBEF
:101A400080031C605D60083300200B4E0FE044EA09
:101A50008544E4E71418155CE77845EA0765A7783C
:101A600064783F0447EA0424254320C3001DCC6862
:101A7000345D8442EED8F0BDB0DE000810B50346F8
:101A80001046002B01D0084C0AE04FF6FF7010BD45
:101A900013F8012B4240D2B234F8122082EA10200F
:101AA000491E4A1CF4D110BD44E0000810B5054C95
:101AB00003E010F8013B5340E25C491E89B2F8D2C2
:101AC000104610BD44DF000810B50446002154F84C
:101AD000210048B1026852785206120E80680089CF
:101AE0002244030A13745074491CC9B20429EED36A
:101AF000D4E9061004F11002FFF7F6F90020206186
:101B0000606110BD70B50546002455F8240008B189
:101B1000016B8847641CE4B2042CF6D370BD70B529
:101B20000546002455F8240068B101684978490643
:101B30000E0E07F0F7FF55F8240080680089020AAE
:101B4000A9190A744874641CE4B2042CEAD3D5E9D8
:101B5000061005F11002FFF7C7F90020286168613F
:101B600070BD000000219FED060A50F8212012B13F
:101B7000926882ED000A491CC9B20429F5D3704766
:101B8000000000002DE9F84F044602F0D7F800905D
:101B90005CB194F83500022809D0802060650020EF
:101BA00084F834000120BDE8F88F0120FBE7D14E16
:101BB000D04FD049DFF83C83DFF83893DFF834A307
:101BC000DFF830B320681836303708F1480809F1DB
:101BD00060090AF1780A0BF1900B88422ED0B042CE
:101BE0002CD0B8422AD0404528D0484526D0504570
:101BF00024D0584522D0BF4AA83290421ED0BE4AB7
:101C000090421BD0BC4A1832904217D0BA4A3032A8
:101C1000904213D0B84A483290420FD0B64A603250
:101C200090420BD0B44A7832904207D0B24A9032F8
:101C3000904203D0B04AA83290420AD1026822F002
:101C40001E0202602068426922F08002426125681B
:101C500004E0026822F00E020260256820688842D3
:101C60004DD0B0424BD0B84249D0404547D048450E
:101C700045D0504543D0584541D09E4AA832904265
:101C80003DD09D4A90423AD09B4A1832904236D07D
:101C9000994A3032904232D0974A483290422ED000
:101CA000954A603290422AD0934A7832904226D0A8
:101CB000914A9032904222D08F4AA83290421ED050
:101CC0008E4A90421BD08D4A1432904217D08B4AD4
:101CD0002832904213D0894A3C3290420FD0874A32
:101CE000503290420BD0854A6432904207D0834AEA
:101CF0007832904203D0814A8C32904204D1206ED7
:101D0000026822F4807202607A49206888422ED0EC
:101D1000B0422CD0B8422AD0404528D0484526D0E1
:101D2000504524D0584522D07249A83188421ED04F
:101D3000714988421BD070491831884217D06E49CA
:101D40003031884213D06C49483188420FD06A49FB
:101D5000603188420BD068497831884207D06649A3
:101D60009031884203D06449A831884204D1016887
:101D700021F00101016013E0016821F0010101601F
:101D80000EE001F0DBFF0099401A052808D9202059
:101D9000343420620320607000202070012002E7AC
:101DA0002868C007EDD1534A2068012190422ED007
:101DB000B0422CD0B8422AD0404528D0484526D041
:101DC000504524D0584522D04A4BA83398421ED0C3
:101DD000494B98421BD0484B1833984217D0464B7A
:101DE0003033984213D0444B483398420FD0424B83
:101DF000603398420BD0404B7833984207D03E4B2B
:101E00009033984203D03C4BA833984208D1A06D40
:101E100094F85C3003F01F053F23AB40836007E07C
:101E2000A06D94F85C3003F01F0301FA03F34360E4
:101E3000206890424DD0B0424BD0B84249D0404586
:101E400047D0484545D0504543D0584541D0294A10
:101E5000A83290423DD0284A90423AD0264A1832C1
:101E6000904236D0244A3032904232D0224A483210
:101E700090422ED0204A603290422AD01E4A7832B8
:101E8000904226D01C4A9032904222D01A4AA83260
:101E900090421ED0194A90421BD0184A14329042E8
:101EA00017D0164A2832904213D0144A3C3290423E
:101EB0000FD0124A503290420BD0104A64329042F6
:101EC00007D00E4A7832904203D00C4A8C329042AE
:101ED0000BD1D4E919205060E06E30B1026822F4D1
:101EE00080720260D4E91C2050603434617000209C
:101EF000207058E6100002401004024008540258B6
:101F00002DE9F05F002808D090F83510022906D09E
:101F1000802141650120BDE8F09F0120FBE7A14A37
:101F2000A04BA04C9F4D9F4EDFF878B2DFF878C2EF
:101F3000DFF87482DFF87092DFF86CA20168183263
:101F40003033483460357836974F0CF1300C08F157
:101F5000600809F178090AF1900A594531D0914297
:101F60002FD099422DD0A1422BD0A94229D0B142E5
:101F700027D0DFF830E20EF1900E714521D0DFF866
:101F800024E20EF1A80E71451BD0DFF81CE2AEF181
:101F9000180E714515D0B94213D0DFF80CE20EF1DE
:101FA000180E71450DD061450BD0DFF8FCE10EF144
:101FB000480E714505D0414503D0494501D05145F2
:101FC00037D14FF0040E80F835E0594527D09142C3
:101FD00025D0994223D0A14221D0A9421FD0B1429D
:101FE0001DD070489030814219D06E48A83081428F
:101FF00015D06D481838814211D0B9420FD06A48C7
:10200000183081420BD0614509D067484830814281
:1020100005D0414503D0494501D0514504D1086858
:1020200020F001000860BAE0086820F001000860B4
:10203000B5E0D1F800E02EF00E0EC1F800E0016826
:10204000DE46594531D091422FD099422DD0A14240
:102050002BD0A94229D0B14227D0DFF848B10BF1EB
:10206000900B594521D0DFF83CB10BF1A80B594535
:102070001BD0DFF834B1ABF1180B594515D0B9427C
:1020800013D0DFF824B10BF1180B59450DD0614581
:102090000BD0DFF814B10BF1480B594505D0414581
:1020A00003D0494501D0514506D1D1F800B02BF0FD
:1020B000010BC1F800B005E0D1F800B02BF0010B26
:1020C000C1F800B001684FF0010B714546D0914254
:1020D00044D0994242D0A14240D0A9423ED0B14220
:1020E0003CD0304A9032914238D02E4AA8329142A8
:1020F00034D02D4A183A914230D0B9422ED02A4AD3
:10210000183291422AD0614528D0274A483291425C
:1021100024D0414522D0494520D051451ED0234AE4
:1021200091421BD0214A1432914217D01F4A2832C3
:10213000914213D01D4A3C3291420FD01B4A50327B
:1021400091420BD0194A6432914207D0174A783233
:10215000914203D0154A8C32914218D1016E0A681F
:1021600022F480720A60816D90F85C2002F01F02F8
:102170000BFA02F24A60D0E919215160C16E31B107
:102180000A6822F480720A60D0E91C21516080F84C
:1021900035B0002180F83410016D01B1884700206E
:1021A000B9E600001000024028040240085402581A
:1021B0002DE9FF5F044600200190FE484FF41651C0
:1021C0000068B0FBF1F00090A56D2E682968FA4F09
:1021D000DFF8E4B3DFF8E083DFF8DC93DFF8D8A3BF
:1021E00020680BF1180B08F1300809F148090AF1D1
:1021F000600AB8423BD05A46904238D0404536D06B
:10220000484534D0504532D0EB4A783290422ED0F7
:10221000E94A903290422AD0E74AA832904226D02A
:10222000E64A904223D0E54A183290421FD0E34B51
:10223000303398421BD0E14B4833984217D0DFF837
:102240007CC30CF1600C604511D0DFF870C30CF159
:10225000780C60450BD0DFF864C30CF1900C60453E
:1022600005D0DFF858E30EF1A80E70457ED194F842
:102270005C10082301F01F0103FA01F232424BD037
:10228000B84232D0584530D040452ED048452CD0A9
:1022900050452AD0C8497831884226D0C649903165
:1022A000884222D0C449A83188421ED0C3498842FE
:1022B0001BD0C2491831884217D0C04930318842FA
:1022C00013D0BE49483188420FD0BC4960318842A2
:1022D0000BD0BA497831884207D0B849903188424A
:1022E00003D0B649A831884203D1016801F0040146
:1022F00002E0016801F0080171B1016821F00401F8
:10230000016094F85C0000F01F0003FA00F2AA607C
:10231000606D40F00100606594F85C00012100F000
:102320001F008140314240D02068B84234D0584527
:1023300032D0404530D048452ED050452CD09E4A12
:102340007832904228D09C4A9032904224D09A4AC7
:10235000A832904220D0994A90421DD0974A183214
:10236000904219D0954A3032904200E0D2E113D029
:10237000924A483290420FD0904A603290420BD03D
:102380008E4A7832904207D08C4A9032904203D0E5
:102390008A4AA83290427DD1406910F0800F04D063
:1023A000A960606D40F00200606594F85C00042153
:1023B00000F01F00814031423ED02068B84232D048
:1023C000584530D040452ED048452CD050452AD0D5
:1023D000794A7832904226D0774A9032904222D081
:1023E000754AA83290421ED0744A90421BD0734A5C
:1023F0001832904217D0714A3032904213D06F4A4F
:10240000483290420FD06D4A603290420BD06B4AF6
:102410007832904207D0694A9032904203D0674A9E
:10242000A83290424ED1006810F0020F04D0A9608B
:10243000606D40F00400606594F85C00102100F0CD
:102440001F008140314260D02068B84234D05845E6
:1024500032D0404530D048452ED050452CD0564A39
:102460007832904228D0544A9032904224D0524A36
:10247000A832904220D0514A90421DD04F4A183283
:10248000904219D04D4A3032904215D04B4A4832D2
:10249000904200E014E00FD0484A603290420BD0E6
:1024A000464A7832904207D0444A9032904203D054
:1024B000424AA832904207D1006800F0080006E0C6
:1024C000006872E70068B7E7006800F0040058B1E0
:1024D000A9602068016849030CD50068000304D492
:1024E000216C09B1204688470FE0A16C69B12046F4
:1024F00088470AE00168C90503D4016821F0080192
:102500000160216C09B12046884794F85C002021C5
:1025100000F01F00814031427BD02068B84232D0A9
:10252000584530D040452ED048452CD050452AD073
:10253000214A7832904226D01F4A9032904222D0CF
:102540001D4AA83290421ED01C4A90421BD01B4A02
:102550001832904217D0194A3032904213D0174A9D
:10256000483290420FD0154A603290420BD0134A45
:102570007832904207D0114A9032904203D00F4AED
:10258000A832904203D1006800F0100002E0006819
:1025900000F00200E8B3A96094F83500042812D0D6
:1025A0002068016849033DD50068000335D4616C9B
:1025B00079B305E02400002010000240100402401E
:1025C000204688473FE02068016821F0160101603D
:1025D0002068416921F080014161206C08B9A06C3C
:1025E00020B12068016821F00801016094F85C00C6
:1025F00000F01F013F208840A860012084F83500CA
:10260000002084F83400216D002974D0204604B0E5
:1026100000E018E0BDE8F05F0847E16B99B12046A3
:10262000884710E00168C90509D4016821F010014C
:102630000160012084F83500002084F83400E16B4B
:1026400009B120468847606D002854D0606DC007EE
:1026500058D0042084F835002068B84231D058455D
:102660002FD040452DD048452BD0504529D0B749D3
:10267000884226D0B5491831884222D0B34930313A
:1026800088421ED0B24988421BD0B14918318842D5
:1026900017D0AF493031884213D0AD494831884214
:1026A0000FD0AB49603188420BD0A94978318842BC
:1026B00007D0A7499031884203D0A549A831884264
:1026C00004D1016821F00101016003E0016821F0FB
:1026D0000101016021680198009A401C019090421C
:1026E00002D80868C007F6D10868C00704D00320E4
:1026F00084F8350003E087E0012084F835000020ED
:1027000084F83400E16C00297ED004B02046BDE896
:10271000F05F08478F4EB0421BD08E4E1436B04249
:1027200017D08C4E2836B04213D08A4E3C36B04279
:102730000FD0884E5036B0420BD0864E6436B04231
:1027400007D0844E7836B04203D0824E8C36B042E9
:102750005AD1066894F85CB04FF0040E0BF01F0BD2
:102760000EFA0BFE1EEA010FCDF80CE05ED05FEA18
:10277000467E5BD503986860300411D5F00307D41A
:10278000A16C002940D004B02046BDE8F05F0847A6
:10279000216C002938D004B02046BDE8F05F08471E
:1027A000B0063BD42068B8422DD0684960398842D1
:1027B00029D0404527D0484525D0504523D06349EE
:1027C000884220D06149183188421CD05F4930319D
:1027D000884218D05E49884215D0904213D05C4997
:1027E000303188420FD098420DD05949603188422B
:1027F00009D057497831884205D0604503D0544903
:10280000A831884206D100E07CE0016821F008018F
:10281000016003E0016821F004010160216C0029DE
:1028200070D004B02046BDE8F05F08474FF0020EBC
:102830000EFA0BFE1EEA010FCDF808E063D05FEA46
:10284000867E60D502986860300411D5F00307D405
:10285000616C002978D004B02046BDE8F05F0847DD
:10286000E16B002970D004B02046BDE8F05F084756
:10287000B0063FD42068B8422DD034496039884230
:1028800029D0404527D0484525D0504523D02F4951
:10289000884220D02D49183188421CD02B49303134
:1028A000884218D02A49884215D0904213D028492E
:1028B000303188420FD098420DD02549603188428E
:1028C00009D023497831884205D0604503D020499A
:1028D000A831884204D1016821F01401016003E0AD
:1028E000016821F00A010160012084F83500002010
:1028F00084F83400E16B002926D004B02046BDE8FE
:10290000F05F084720E0082202FA0BF20A421BD0CF
:10291000310719D5016821F00E01016094F85C00BF
:1029200000F01F01012000FA01F16960606584F880
:102930003500002084F83400E16C002904D004B094
:102940002046BDE8F05F0847BDE8FF9F88000240D1
:1029500010040240085402582DE9F05F044601F0CB
:10296000EDF90646002C7DD0F24FDFF8C883DFF882
:10297000C493DFF8C0A3DFF8BCB3206802220025AF
:1029800008F1300809F148090AF1600A0BF1780BE7
:10299000B84232D0E749183188422ED040452CD079
:1029A00048452AD0504528D0584526D0E149903195
:1029B000884222D0DF49A83188421ED0DE498842B1
:1029C0001BD0DD491831884217D0DB4930318842AD
:1029D00013D0D949483188420FD0D7496031884255
:1029E0000BD0D5497831884207D0D34990318842FD
:1029F00003D0D149A83188427ED184F8352084F8AB
:102A00003450B84234D0CB491831884230D0404598
:102A10002ED048452CD050452AD0584528D0C549FD
:102A20009031884224D0C349A831884220D0C2497D
:102A300088421DD0C0491831884219D0BE49303172
:102A4000884215D0BC494831884211D0BA4960311A
:102A500088420DD0B8497831884209D0B6499031C2
:102A6000884200E009E003D0B349A831884207D189
:102A7000016821F00101016013E00120BDE8F09F31
:102A8000016821F0010101600BE001F057F9801BA2
:102A9000052806D920206065032084F83500012030
:102AA000ECE720680068C007EFD122681168A348EE
:102AB0000140D4E902031843D4E9043633431843F0
:102AC000A3691843E3691843236A18430843616AFA
:102AD000042903D1D4E90B13194308436168A1F118
:102AE0002903052B0DD9163B032B0AD9083B012BD3
:102AF00007D9083B032B00E02AE002D974390329E7
:102B000001D840F4801010602068406920F007016F
:102B1000606A40EA010604280DD1A06A0643E06A13
:102B200048B12046FEF740FB28B1402060650120F7
:102B300084F83500A2E7206846612046FEF746FA91
:102B400094F85C1001F01F023F219140816066E023
:102B50007B4988421BD07A4B1433984217D0784B6C
:102B60002833984213D0764B3C3398420FD0744BA5
:102B7000503398420BD0724B6433984207D0704B5D
:102B80007833984203D06E4B8C3398427ED1884282
:102B900011D06B49143188420DD0694928318842DF
:102BA00009D067493C31884205D065495031884297
:102BB00001D06349643184F8352084F834500268C8
:102BC00060490A40A16840297ED080297DD000213B
:102BD000E36841EAD301236941EAD301636941EA29
:102BE000D301A36941EAD301E36941EAD301236A2E
:102BF00041EA1311114301605149206849420844D8
:102C00001421B0FBF1F08000E0652046FEF7DEF90C
:102C100094F85C1001F01F0201219140416020688E
:102C2000B84256D043491831884252D0404550D01E
:102C300048454ED050454CD058454AD03D4990313A
:102C4000884246D03B49A831884242D03A4988421E
:102C50003FD03949183188423BD03749303188421A
:102C600037D035494831884233D0334960318842C2
:102C70002FD03149783188422BD02F49903188426A
:102C800027D02D49A831884223D000E02DE02C49DF
:102C900088421ED02A49143188421AD02849283146
:102CA000884216D026493C31884212D024495031FE
:102CB00088420ED02249643188420AD020497831B6
:102CC000884206D01E4901E00AE00BE08C318842C0
:102CD00029D12046FEF7DAF9A06880280CD00CE054
:102CE000102175E74FF4804172E7402060650320B2
:102CF00084F835000120C1E66560216E2079086006
:102D0000D4E9191048606068401E072808D820469A
:102D1000FEF70CFAE06E0560D4E91C10486002E092
:102D2000E566256765676565012084F83500002044
:102D3000A4E6000010000240100402403F8010FE94
:102D4000085402580F00FEFF2DE9F84F04460020FA
:102D50000090002C15D094F83400012813D00120E5
:102D600084F8340094F835500020012D0DD04FF434
:102D70000061616584F83400012000900098BDE88E
:102D8000F88F0120FBE70220F9E7022584F835508F
:102D90006065A54DA44EA44FDFF88CC2DFF8888291
:102DA000DFF88492DFF880A2DFF87CB22068183563
:102DB0003036483708F1600809F178090AF1900ABD
:102DC0000BF1A80B60453BD0A84239D0B04237D0B8
:102DD000B84235D0404533D0484531D050452FD04A
:102DE00058452DD0DFF844C2604529D0DFF83CC2F9
:102DF0000CF1180C604523D0DFF830C20CF1300C18
:102E000060451DD0DFF824C20CF1480C604517D096
:102E1000DFF818C20CF1600C604511D0DFF80CC26D
:102E20000CF1780C60450BD0DFF800C20CF1900C6F
:102E3000604505D0DFF8F4C10CF1A80C604506D15F
:102E4000D0F800C02CF0010CC0F800C005E0D0F8AC
:102E500000C02CF0010CC0F800C02046FEF7E0F9DD
:102E60007149206888422CD0A8422AD0B04228D08C
:102E7000B84226D0404524D0484522D0504520D0E5
:102E800058451ED0694A90421BD0684A1832904279
:102E900017D0664A3032904213D0644A483290428A
:102EA0000FD0624A603290420BD0604A7832904232
:102EB00007D05E4A9032904203D05C4AA8329042DA
:102EC0000DD1026822F01E0242F016020260206C50
:102ED00090B12068026842F0080202600CE00268CB
:102EE00022F00E0242F00A020260206C20B120683B
:102EF000026842F004020260206888424BD0A84277
:102F000049D0B04247D0B84245D0404543D048456B
:102F100041D050453FD058453DD0444A90423AD0E8
:102F2000424A1832904236D0404A3032904232D033
:102F30003E4A483290422ED03C4A603290422AD0DB
:102F40003A4A7832904226D0384A9032904222D083
:102F5000364AA83290421ED0354A90421BD0344A9D
:102F60001432904217D0324A2832904213D0304A5D
:102F70003C3290420FD02E4A503290420BD02C4A15
:102F80006432904207D02A4A7832904203D0284ACD
:102F90008C3290420DD1206E0268D20303D50268B4
:102FA00042F480720260E06E18B1026842F48072EE
:102FB0000260206888422CD0A8422AD0B04228D093
:102FC000B84226D0404524D0484522D0504520D094
:102FD00058451ED0154988421BD0144918318842E3
:102FE00017D012493031884213D0104948318842F5
:102FF0000FD00E49603188420BD00C49783188429D
:1030000007D00A499031884203D00849A831884244
:1030100004D1016841F001010160AFE6016841F0AF
:1030200001010160AAE60000100002401004024005
:103030000854025810B590F89830012B08D0022B94
:1030400006D050F89C1F41F002010160012010BD24
:1030500003689C6D0C4204D1DC6D44F00104DC6516
:1030600005E09C6D31EA04041CD00324DC658B056B
:1030700004D5036853F8E04F14431C604B0504D596
:10308000036853F8E44F14431C600068426D084B1A
:103090000B401A4342650748026842EA9171016099
:1030A000002010BDDC6D44F00204DC65DFE70000A9
:1030B000FFFFCF3F14A8004070B5044694F8980075
:1030C000022806D054F89C0F40F008002060012030
:1030D00070BD2068D0F8C03013F07C5F0AD0D0F803
:1030E000C4309B020DD554F89C0F40F40070206052
:1030F000012070BD54F89C0F40F02000206001209A
:1031000070BDD0F8C400C0F304452B462046FEF73E
:103110007BFC21680120A840C1F8D000C4F89400CD
:10312000002070BD704710B590F89820012A08D093
:10313000022A06D050F89C1F41F0020101600120D4
:1031400010BDCA680B688BB1072A0B6943EA42734A
:103150002BD00C7A4A6942EA8472006F496800EB0E
:10316000C100036042604FF0000010BD072A10D07C
:103170000C7A4B694FEAC26243EA84730C8A42EAD2
:10318000044243EA0203C06E496800EB8100036019
:10319000E9E70B8A8A694FF0605442EA0343CA693F
:1031A00044EA022243EA0203EDE78A69D5E730B533
:1031B000039C90F89850012D06D050F89C1F41F0C8
:1031C00004010160012030BD090141EA820100686B
:1031D00041EA43012143C0F88010002030BD704710
:1031E00070470000F0B5002490F89850022D06D0EA
:1031F00050F89C1F41F0080101600120F0BD4029FA
:103200000BD0412936D0056D8D4260D850F89C1FF7
:1032100041F0200101600120F0BD0568D5F8A060F3
:1032200016F4FE0F18D0D5F8A46076061BD0D5F89A
:10323000A460F60105D5D5F8A06016F0004F00D5C2
:103240000124D5F8A450C5F305252C44456C466FE0
:10325000654306EB85063FE050F89C1F41F02001D6
:1032600001600120F0BD50F89C1F41F480710160A5
:103270000120F0BD0568D5F8B06016F4FE0F18D037
:10328000D5F8B46076061BD0D5F8B460F60105D544
:10329000D5F8B06016F0004F00D50124D5F8B45031
:1032A000C5F305252C44C56C866F654306EB850682
:1032B00012E050F89C1F41F0200101600120F0BD98
:1032C00050F89C1F41F4807101600120F0BD456DF4
:1032D000C66F4D4306EB8506356805F080455560A1
:1032E0002DB3356825F060451560356805F000554B
:1032F0009560356805F000451561B588ADB2D561BA
:103300007568C5F30345D560756805F4801555618A
:10331000756805F4001595617568C5F30665156255
:1033200075680836ED0F55620025174F09E03568BE
:10333000C5F38A451560D8E716F805C003F805C03F
:103340006D1CD2F80CC017F80CC0AC45F4D840295D
:1033500009D041290BD0012220290CD200688A40D3
:10336000C0F898200DE00068C0F8A84009E00068A7
:10337000C0F8B84005E0006801F01F018A40C0F8BD
:103380009C200020F0BD0000B0DE00087047000067
:103390002DE9FE4F0446B64F38688007391D09688D
:1033A00000EA817002902068016D01F47041D0F84C
:1033B00054A00AEA010A016D01F00F01D0F854B0DF
:1033C0000BEA010B016D01F0F001426D0A40019220
:1033D000016D01F07151D0F8548008EA0108016DC7
:1033E00001F06071426D0A400092416D056DCE435F
:1033F000F1054FF0000909D4E943C90506D4B91510
:103400000165C7F800902046FFF7C0FF700510D493
:10341000E84340050DD42068D0F8DC20D0F8E41053
:1034200011404FF480620265C7F80090204600F01A
:1034300061FB029858B18F490298084021680865DD
:103440000298800F386020460299FFF76BFEBAF1B0
:10345000000F0BD0874821680AEA000008654FEA90
:103460009A7038605146204600F046FBBBF1000FD1
:103470000BD0804821680BEA000008654FEA9B707A
:1034800038605946204600F0D3FA019858B179497E
:1034900001980840216808650198800F386020462F
:1034A000019900F0EFFA30050BD4E843000508D489
:1034B00021684FF400600865C7F80090204600F0CE
:1034C0001CFBB00510D4E84380050DD42068D0F86B
:1034D000D820D0F8E01011404FF400720265C7F810
:1034E0000090204600F007FB30030BD4E8430003B4
:1034F00008D421684FF400200865C7F800902046E2
:1035000000F094FAF0030BD4E843C00308D4216818
:103510004FF480300865C7F80090204600F0E9FAC3
:1035200070030BD4E843400308D421684FF4802093
:103530000865C7F80090204600F0DAFAB0030ED410
:10354000E84380030BD421684FF400300865C7F8C6
:103550000090D4F89C0040F08000C4F89C000098D3
:1035600058B1444900980840216808650098800FC8
:10357000386020460099FFF733FEB8F1000F0DD0F8
:103580003C48216808EA000008654FEA98703860F6
:10359000D4F89C0040EA0800C4F89C003649206832
:1035A00088425BD160688168890757D0016A01F061
:1035B0000F02416A1140026A02F03002476A174066
:1035C000026A02F4C072D0F8248008EA0208026A93
:1035D00002F4FC42456A1540026A02F4F022466A8F
:1035E0001640D0F82490D0F820A019B101622046EE
:1035F00000F07BFA2FB1606807623946204600F080
:1036000076FA6FEA090040060ED46FEA0A00400617
:103610000AD46068C16B090CC26B02F03F02402300
:103620000362204600F062FAB8F1000F06D060682D
:10363000C0F820804146204600F056FA35B1606857
:103640000562D4F89C002843C4F89C0036B1606839
:103650000662D4F89C003043C4F89C00D4F89C0067
:10366000002802D02046FFF7BAFDBDE8FE8F00001B
:1036700010A80040FFFFCF3F00A000402DE9F0431D
:1036800093B004464C2295496846FCF7DFFE6CB1C6
:10369000934F2068B84202D100F5807060604FF40B
:1036A000407994F89800002620B108E0012013B07A
:1036B000BDE8F08384F89960204600F013F9206893
:1036C000816921F01001816100F038FB05464FF05F
:1036D00003080DE000F032FB401B0A2808D954F81B
:1036E0009C0F40F00100206004F8048C0120DEE70C
:1036F000206880690007EDD42068816941F00101EC
:10370000816100F01BFB05460DE000F017FB401B3C
:103710000A2808D954F89C0F40F00100206004F8F2
:10372000048C0120C3E720688069C007EDD02068C1
:10373000816941F002018161207C012839D0206833
:10374000816941F040018161607C012837D02068A7
:10375000816921F480418161A07C012835D02068F5
:10376000816941F48051816120688169A26821F4F6
:103770004071114381612068816921F0A401816158
:103780002068016921F010010161E068012822D060
:1037900030B302282BD02068816941F0800181611B
:1037A0002068016941F010010161E068032818D028
:1037B00022E02068816921F040018161C4E720682E
:1037C000816941F480418161C6E72068816921F403
:1037D00080518161C8E72068816941F004018161FD
:1037E0000AE02068816941F02001816104E02068DD
:1037F000816941F020018161207E401E4106E0691F
:10380000401E41EA0020216A491E0843A18A491E40
:1038100040EA01402168C861A06848450FD1A06A0C
:10382000E16A401E491E40EA0121206B401E41EA28
:103830000011A08C401E41EA00402168C860206E43
:1038400028B1206850F8C01F626E11430160D4E9AE
:103850001701C842694609D0206850F8C82FA36EE6
:1038600022F0070251F823301A430260206C48B15D
:10387000206850F8BC2F636C22F0070251F8233007
:103880001A430260A06C50B1206850F8BC2FE36C62
:1038900022F0700251F8233042EA03120260206DD8
:1038A00050B1206850F8BC2F636D22F4E06251F8EB
:1038B000231042EA012101602068B84204D1606807
:1038C000816821F00301816044F8946FA6600120B3
:1038D0002071943C2046FDF7BFFFE8E6C0DE0008FB
:1038E00000A000402DE9F04186B00446142101A853
:1038F000FCF7C5FD474B2268474C1968DFF810817B
:103900000025454E0C3C02274448491C4FF0090C49
:10391000424527D11960012907D1316841F48071EE
:103920003160316801F480710091216841F0080133
:103930002160216801F008010091032101910297A3
:1039400003950495CDF814C001A900F0E5F8002214
:103950000521132000F096FA132000F085FA06B036
:10396000BDE8F081DFF8B880424526D11960012911
:1039700007D1306840F480703060306800F48070A7
:103980000090206840F002002060206800F00200F3
:10399000009060200190029703950495CDF814C023
:1039A00001A9204800F0B8F800220521142000F0F9
:1039B00069FA142000F058FAD1E7DFF86CC06245CC
:1039C000CDD11960012907D1316841F4807131608E
:1039D000316801F480710091216841F00801216093
:1039E000216801F0080100914FF4405101910297C4
:1039F000039504950521059101A900F08DF8002299
:103A000005219F2000F03EFA9F2000F02DFAA6E746
:103A100000A0004014000020EC440258000C0258A2
:103A200000A400400004025800D400407047000089
:103A300010B5114988420DD1104B40211C46A3F10D
:103A40002802FFF7CFFB0D48214628380068FDF714
:103A5000E3F910BD0A498842FBD1084B40213033BD
:103A60001C46A3F12802FFF7BDFB0448214608309D
:103A70000068FDF7FBF910BD800A0020AC5B002058
:103A8000200B002010B5C90610D5094A01689142E3
:103A90000CD1084B41211C46A3F12802FFF7A2FBE1
:103AA0000448214628380068FDF70AFA10BD0000D6
:103AB00000D400400C5C002090F89810012906D03A
:103AC00050F89C1F41F00401016001207047022161
:103AD00080F8981001688A6922F001028A61002149
:103AE000C0F89C10002070477047704770477047BF
:103AF000704770477047704770477047704710B500
:103B00004FF0B041D1F88820024203D0C1F88800BC
:103B1000FFF7F4FF10BD00002DE9F84F0022784DAB
:103B200003264FF001080F274FF0B04CE1E008FAF0
:103B300002F39A461C40002C7ED00B7903F003035D
:103B4000012B01D0022B1BD1D0F80890530006FAAC
:103B500003FB29EA0B09D1F80CB00BFA03FB4BEA83
:103B6000090BC0F808B0436823EA0A0391F80490EF
:103B7000C9F3001909FA02F949EA0309C0F80490E7
:103B80000B79DB439B070ED0D0F80C90530006FA5C
:103B900003FA29EA0A09D1F808A00AFA03FA4AEA5C
:103BA000090AC0F80CA00B7903F00303022B14D10F
:103BB000D30800EB8303D3F820A04FEA42794FEA01
:103BC000D96907FA09FB2AEA0B0AD1F810B00BFAF7
:103BD00009FB4BEA0A0BC3F820B0D0F80090530061
:103BE00006FA03FA29EA0A0991F804A00AF0030A7E
:103BF0000AFA03FA4AEA090AC0F800A04B6813F46B
:103C0000403F75D03F4BD3F8009049F00209C3F80C
:103C100000901B6803F00203009322F0030909F1EE
:103C2000B049D9F808B493074FEA137A07FA0AF3B0
:103C30002BEA030B344B00E05AE0984201D10023F9
:103C400028E0324B984201D1012323E0304B9842C7
:103C500001D102231EE02F4B984201D1032319E02A
:103C60002D4B984201D1042314E02C4B984201D1F2
:103C700005230FE02A4B984201D106230AE0294B85
:103C8000984201D1072305E0274B984201D109232F
:103C900000E00A2303FA0AF343EA0B03C9F80834E5
:103CA000DCF80030A343D1F804905FEAC92900D5BD
:103CB0002343CCF80030DCF80430A343D1F804905F
:103CC0005FEA892900D52343CCF804306B68A3430D
:103CD000D1F804905FEA893900D523436B602B68E3
:103CE000A343D1F804905FEAC93900D523432B6080
:103CF000521C0C6834FA02F37FF419AFBDE8F88F58
:103D000080000058F4440258000002580004025891
:103D100000080258000C0258001002580014025803
:103D200000180258001C025800240258002A01D032
:103D30008161704709048161704700000148806813
:103D40007047000018000020024881680278114482
:103D5000816070471800002010B5032000F0B2F811
:103D600001F03CF90F490A68C2F303230E4AD35C01
:103D700003F01F03D840096801F00F01515C0B4AA2
:103D800001F01F0120FA01F11160094908600F20BC
:103D900000F010F808B1012010BD00F053F8002029
:103DA00010BD00001844025834DF0008280000202D
:103DB0002400002010B58AB00446102C30D2002216
:103DC00021461C2000F05EF81C2000F04DF8194838
:103DD00004601948016841F001010160006800F0C9
:103DE0000100009001A902A801F082F80798C8B16B
:103DF00001F0D0F840001149B0FBF1F1491E104824
:103E00004FF08042026040F2E732C2604160002120
:103E10000161816002F0DCF938B101200AB010BD07
:103E20000120FBE701F0B6F8E5E7054802F0F8F9F4
:103E3000F4E700001C000020E844025840420F0054
:103E40006412002082B00748016841F0020101605D
:103E5000006800F00200019000220F21901E02B0C5
:103E600000F010B8F4440258002809DB00F01F02EB
:103E7000012191404009800000F1E020C0F80011CC
:103E800070470000F0B40D460D4B1B68C3F30223CE
:103E9000C3F10704042C00D90424191D072901D2F9
:103EA000002300E0DB1E012606FA04F1491E29402A
:103EB00099409E40761E16403143F0BC06F088BD06
:103EC0000CED00E000F00701054A10684FF6FF0313
:103ED000184040EA01200349084310607047000081
:103EE0000CED00E00000FA0570B514490A68D243F1
:103EF000520708D5096801F00701814201D001206D
:103F000070BD002070BD0A6822F0070202430A60FB
:103F1000FFF714FF0446094D4FF47A76083D06E09A
:103F2000FFF70CFF001BB04201D9012070BD2868CB
:103F3000C0438004F4D4002070BD00000C48025837
:103F400010B501F005F805490968054AC1F30211E9
:103F5000515C01F01F01C84010BD00002044025810
:103F600034DF000810B569490A6802F003020968E5
:103F7000C1F30531654B1B1D1B68C3F30013634C74
:103F800014342468C4F3CC0414FB03F300EE103A99
:103F9000B8EE400A002971D09FED5D1A5B4BF7EE39
:103FA000000A1033F2B39FED5B2A012A7FD0022A68
:103FB0007CD001EE901A1968F8EE611AC2EE212A3F
:103FC000C1F3080101EE901AF8EE611A40EE011AF1
:103FD00031EEA00A22EE800A1968C1F3462101EEF3
:103FE000101AB8EE411A31EE201AC0EE011ABCEEDA
:103FF000E11A80ED001A1968C1F3064101EE101AAA
:10400000B8EE411A31EE201AC0EE011ABCEEE11AE8
:1040100080ED011A1968C1F3066101EE101AB8EEBD
:10402000411A00E008E071EE200A80EE201ABCEE92
:10403000C10A80ED020A10BD344A283A1468A40669
:104040001ED51268C2F3C104334AE24001EE902A41
:10405000F8EE612A01EE901A1968F8EE611A82EE04
:10406000A12AC1F3080101EE901AF8EE611A40EEA0
:10407000011A31EEA00A22EE000AADE741E016E097
:1040800001EE901ADFED252A1968F8EE611A82EE2A
:10409000A12AC1F3080101EE901AF8EE611A40EE70
:1040A000011A31EEA00A22EE000A95E713E001EEB4
:1040B000901A1968F8EE611AC2EE212AC1F30801BC
:1040C00001EE901AF8EE611A40EE011A31EEA00AE4
:1040D00022EE800A80E701EE901ADFED112A1968BE
:1040E000F8EE611A82EEA12AC1F3080101EE901ADE
:1040F000F8EE611A40EE011A31EEA00A22EE000A33
:104100006AE7002101604160816010BD28440258C7
:10411000000000390024744A0090D0030024744C3D
:10412000001BB74B10B569490A6802F00302096821
:10413000C1F30551654B1B1D1B68C3F30023634C82
:104140001C342468C4F3CC0414FB03F300EE103ACF
:10415000B8EE400A002971D09FED5D1A5B4BF7EE77
:10416000000A1833F2B39FED5B2A012A7FD0022A9E
:104170007CD001EE901A1968F8EE611AC2EE212A7D
:10418000C1F3080101EE901AF8EE611A40EE011A2F
:1041900031EEA00A22EE800A1968C1F3462101EE31
:1041A000101AB8EE411A31EE201AC0EE011ABCEE18
:1041B000E11A80ED001A1968C1F3064101EE101AE8
:1041C000B8EE411A31EE201AC0EE011ABCEEE11A27
:1041D00080ED011A1968C1F3066101EE101AB8EEFC
:1041E000411A00E008E071EE200A80EE201ABCEED1
:1041F000C10A80ED020A10BD344A283A1468A406A8
:104200001ED51268C2F3C104334AE24001EE902A7F
:10421000F8EE612A01EE901A1968F8EE611A82EE42
:10422000A12AC1F3080101EE901AF8EE611A40EEDE
:10423000011A31EEA00A22EE000AADE741E016E0D5
:1042400001EE901ADFED252A1968F8EE611A82EE68
:10425000A12AC1F3080101EE901AF8EE611A40EEAE
:10426000011A31EEA00A22EE000A95E713E001EEF2
:10427000901A1968F8EE611AC2EE212AC1F30801FA
:1042800001EE901AF8EE611A40EE011A31EEA00A22
:1042900022EE800A80E701EE901ADFED112A1968FC
:1042A000F8EE611A82EEA12AC1F3080101EE901A1C
:1042B000F8EE611A40EE011A31EEA00A22EE000A71
:1042C0006AE7002101604160816010BD2844025806
:1042D000000000390024744A0090D0030024744C7C
:1042E000001BB74B2DE9FC5F044600250026206823
:1042F000F84FC043010104F108000190DFF8D893A2
:1043000004F1280000900DD4606EB8B1B0F5801FA4
:1043100019D0B0F5001F1CD0B0F5401F00D001250A
:10432000EDB12E462088C043C00535D4A06D0528C8
:104330002FD2DFE800F01D22282F2F00386840F42C
:1043400000303860ECE70221019804F00DFE0546CC
:10435000E6E70221009804F099FE0546E0E7D9F867
:104360000000616E20F440100843C9F80000D9E74E
:10437000386840F4003038600CE00021019804F007
:10438000F3FD054606E00021009804F07FFE054697
:1043900000E00125A5B12E462088DFF84083C04308
:1043A00040051FD4D4F8A400B0F5C00F18D010DC1D
:1043B00050B3B0F5001F2CD0B0F5800F0FD12EE018
:1043C000D9F80000A16D20F007000843C9F80000EB
:1043D000E2E7B0F5000F03D0B0F5200F00D00125C3
:1043E0001DB32E462088C043000531D4D4F8A80060
:1043F000B0F1407F2AD022DCF0B3B0F1807F4BD007
:10440000B0F1007F21D14DE0386840F400303860D1
:10441000E6E70021019804F0A7FD0546E0E700214A
:10442000009804F033FE0546DAE7D8F80000D4F827
:10443000A41020F460000843C8F80000D2E7B0F1EF
:10444000806F03D0B0F1A06F00D0012585B32E4658
:104450002068C04380010AD4E06C30B1102832D00B
:10446000202836D0302800D001258DB32E46208854
:10447000C043C00446D400E009E0E06DB0F5005F41
:104480005CD036DCA0B3B0F5805F38D150E038683E
:1044900040F400303860D9E70021019804F064FD51
:1044A0000546D3E70021009804F0F0FD0546CDE76E
:1044B000FFE7D8F80000D4F8A81020F0E060084327
:1044C000C8F80000C4E7386840F400303860CCE732
:1044D00005E00221019804F047FD0546C5E77E4846
:1044E000001F0168E26C21F0300111430160BEE75A
:1044F00019E0B0F5405F03D0B0F5804F00D0012542
:1045000015B32E462088C04380042FD4206EB0F50A
:10451000403F29D021DC38B3B0F5803F38D0B0F52A
:10452000003F20D13AE0386840F400303860E7E7D7
:104530000021019804F018FD0546E1E700210098EC
:1045400004F0A4FD0546DBE7D9F80000E16D20F496
:10455000E0400843C9F80000D4E7B0F5802F03D04D
:10456000B0F5A02F00D00125F5B12E462088C0431C
:1045700040042BD4D4F8AC00B0F1405F24D01CDC54
:1045800010B3B0F1805F4FD0B0F1005F1BD152E0AB
:104590000121019804F0E8FC0546E5E701210098B7
:1045A00004F074FD0546DFE7D9F80000216E20F421
:1045B000E0200843C9F80000D8E7B0F1804F03D0ED
:1045C000B0F1A04F00D00125A5B32E462088C043EE
:1045D00000040AD4E06E30B1B0F1805F3DD0B0F19C
:1045E000005F3FD00125B5B32E462068C043C0010F
:1045F0000AD4A06C30B1012843D0022846D0032849
:1046000000D0012545B32E462068C04340025AD44D
:10461000DFF8CCB0DBF8000040F48070CBF800008D
:10462000FFF78CFB824648E00121019804F09CFCD6
:104630000546C9E705E00121009804F027FD05467D
:10464000C2E7D8F80000D4F8AC1020F0E0400843EE
:10465000C8F80000BAE70BE01EE0386840F400300C
:104660003860C0E70121019804F07EFC0546BAE7F6
:10467000D9F80000E16E20F040500843C9F800006E
:10468000B3E7386840F400303860BBE70221019896
:1046900004F06AFC0546B5E70F48001F0168A26CEC
:1046A00021F0030111430160AEE7FFF747FBA0EBE8
:1046B0000A00642801D9032503E0DBF80000C005E7
:1046C000F3D58DB12E462078DFF818A0C043C0077F
:1046D00063D073E02C4402585044025858440258A6
:1046E0000048025854440258DFF850B4DBF8000088
:1046F000B4F8B01000F4407001F44071884211D059
:10470000DBF8000020F44070DBF8001041F4803149
:10471000CBF80010DBF8001021F48031CBF800104A
:10472000CBF80000D4F8B000B0F5807F11D1FFF7CE
:1047300005FB824609E0FFF701FBA0EB0A0141F20D
:104740008830814201D9032503E0DBF800008007AF
:10475000F1D50DB12E46B6E7D4F8B000C0F3012173
:1047600003290FD0F5486038016821F47C510160BD
:10477000DBF80000B4F8B010C1F30B010843CBF82C
:104780000000A0E7ED4960390A68ED4B22F47C5245
:10479000184042EA10100860EAE7A06F18280BD012
:1047A00005DC48B1082815D0102804D118E02028CD
:1047B00002D0282800D00125C5B12E462078C0435C
:1047C00080072BD4606F062825D2DFE800F025187B
:1047D0001E2525250121019804F0C6FB0546EBE7BF
:1047E0000121009804F052FC0546E5E7DAF80000E4
:1047F000A16F20F038000843CAF80000DEE701216D
:10480000019804F0B1FB054606E00121009804F090
:104810003DFC054600E001256DB12E462078C043E1
:10482000400720D4D4F89000062819D2DFE800F021
:10483000190C12191919DAF80000616F20F007003D
:104840000843CAF80000E9E70121019804F08CFB55
:10485000054606E00121009804F018FC054600E03A
:10486000012595B12E462078C043800620D4D4F887
:104870008C00B0F1405F19D011DCB8B1B0F1805FAD
:1048800028D0B0F1005F10D12AE0D8F80000D4F8A9
:10489000901020F007000843C8F80000E3E7B0F1EB
:1048A000804F03D0B0F1A04F00D00125F5B12E46C6
:1048B0002078C04340062CD4D4F89800B0F5406F5F
:1048C00025D01DDC18B3B0F5806F34D0B0F5006F83
:1048D0001CD136E00021019804F046FB0546E5E7CF
:1048E0000221009804F0D2FB0546DFE7DAF8000069
:1048F000D4F88C1020F0E0400843CAF80000D7E755
:10490000B0F5805F03D0B0F5A05F00D00125F5B110
:104910002E462078C04300062CD4D4F89C00B0F575
:10492000C04F25D01DDC18B3B0F5005F2CD0B0F51A
:10493000804F1CD12EE00021019804F015FB0546A4
:10494000E5E70221009804F0A1FB0546DFE7D8F86F
:104950000000D4F8981020F4E0500843C8F8000094
:10496000D7E7B0F5004F03D0B0F5204F00D00125B8
:10497000B5B12E462078C04300072AD4D4F8800071
:10498000B0F5805F16D01BE00021019804F0ECFA2E
:104990000546EDE70221009804F078FB0546E7E7BD
:1049A000D8F80000D4F89C1020F460400843C8F800
:1049B0000000DFE70221009804F068FB00B1012647
:1049C000DAF80000D4F8801020F440500843CAF808
:1049D00000002078C043C00613D4D4F89400B0F58A
:1049E000807F05D10221009804F050FB00B1012620
:1049F000D8F80000D4F8941020F440700843C8F8A8
:104A000000002068C04300030BD4D4F8A000E8B332
:104A1000B0F5803F7DD0B0F5003F00D00125B5B3A3
:104A20002E462068C04340030DD4D4F88400B0F56E
:104A3000801F70D0B0F5001F6ED0B0F5401F00D0C1
:104A400001252DB32E462068C043C00307D4206D36
:104A5000F0B3B0F5803F75D00125D5B32E46206860
:104A6000C043800005D40221009804F00FFB00B180
:104A700001262068C043800311D4E06F68B1B0F50F
:104A8000807F76D0B0F5007F07D002E05BE066E083
:104A90007BE0B0F5407F00D00125DDB32E462068D5
:104AA000C043C00207D4D9F80000216F20F00040B5
:104AB0000843C9F800002068C043800207D4D9F831
:104AC0000000A16E20F080700843C9F8000001E0EA
:104AD00065E06FE02068C04340000AD417486038A2
:104AE000016821F4004101600168D4F8B420114349
:104AF00001602068C04307D4104824380168626D03
:104B000021F04051114301602068C04300020DD4E0
:104B100003E01EE05BE02DE031E0DAF80000D4F8BD
:104B2000881020F440000843CAF8000020790025CE
:104B3000C04300F00100284352D057E070440258AF
:104B4000FFFCFF0F30E00021019804F00DFA05464C
:104B500065E70221009804F099FA05465FE7D8F866
:104B60000000D4F8A01020F440300843C8F800003A
:104B700057E727E0386840F40030386061E70121EA
:104B8000009804F083FA05465BE7DAF80000D4F8F1
:104B9000841020F440100843CAF8000053E7386836
:104BA00040F40030386058E70221019804F0DCF945
:104BB000054652E72E480168226D21F480311143E9
:104BC00001604CE7386840F40030386065E7DAF897
:104BD0000000E16F20F440700843CAF800005EE76F
:104BE0000021019804F0C0F900B106462079C043C5
:104BF00000F00200284305D10121019804F0B4F926
:104C000000B106462079C04300F00400284305D1D6
:104C10000221019804F0A8F900B106462079C043AA
:104C200000F00800284305D10021009804F02EFA76
:104C300000B106462079C04300F01000284305D19A
:104C40000121009804F022FA00B106462079C04301
:104C500000F02000054305D10221009804F016FA67
:104C600000B1064616B10120BDE8FC9F0020FBE71D
:104C70004C4402582DE9F05F04460D46002C17D035
:104C8000DFF84C82D8F8000000F00F00A84211D2E3
:104C9000D8F8000020F00F002843C8F80000D8F82A
:104CA000000000F00F00A84204D00120BDE8F09FF2
:104CB0000120FBE72078874E40070AD5206931683C
:104CC00001F07001884204D9316821F0700101437C
:104CD00031602078804F00070AD56069396801F09B
:104CE0007001884204D9396821F0700101433960AC
:104CF0002078C0060AD5A069396801F4E0618842CD
:104D000004D9396821F4E061014339602078DFF883
:104D1000CC9180060DD5E069D9F8001001F0700142
:104D2000884206D9D9F8001021F070010143C9F872
:104D30000010207880070AD5E068316801F00F0183
:104D4000884204D9316821F00F0101433160207895
:104D5000C00743D03068A16820F470600843306019
:104D60005C4960681839022808D003280BD0012854
:104D70000ED00968490710D4012097E70968890314
:104D80000BD4012092E70968890106D401208DE740
:104D90000968C90501D4012088E7DFF838A1AAF124
:104DA000080ADAF8001021F007010143CAF80010E0
:104DB000FEF7C4FF834609E0FEF7C0FFA0EB0B013E
:104DC00041F28830814201D903206FE7DAF8000010
:104DD000616800F03800B0EBC10FEDD1207880079A
:104DE0000AD5E068316801F00F01884204D23168C9
:104DF00021F00F0101433160D8F8000000F00F00EE
:104E0000A8420ED9D8F8000020F00F002843C8F8B7
:104E10000000D8F8000000F00F00A84201D00120E7
:104E200044E7207840070AD52069316801F0700115
:104E3000884204D2316821F070010143316020784A
:104E400000070AD56069396801F07001884204D210
:104E5000396821F07001014339602078C0060AD515
:104E6000A069396801F4E061884204D2396821F40C
:104E7000E06101433960207880060DD5E069D9F8FA
:104E8000001001F07001884206D2D9F8001021F01C
:104E900070010143C9F8001000F0A0F83168C1F3B7
:104EA00003220F498A5C02F01F02D040326802F0F0
:104EB0000F02895C0B4A01F01F0120FA01F1116019
:104EC0000949086009480068BDE8F05FFEF772BF55
:104ED00000200052184402581C4402582044025832
:104EE00034DF000828000020240000201C000020DF
:104EF0003F220260144A126802F007024260124A1E
:104F00000832136803F470638360136803F00F03BF
:104F1000C360126802F0700202610B4A0C3213681F
:104F200003F070034361126802F4E0628261064A92
:104F30001032126802F07002C2610448006800F08A
:104F40000F00086070470000104402580020005213
:104F500000B500F043F80B490A68C2F303230A4A7C
:104F6000D35C03F01F03D840096801F00F01515CC6
:104F7000064A01F01F0120FA01F11160044A106095
:104F8000084600BD1844025834DF000828000020FD
:104F90002400002000B5FFF7DBFF05490968054A3A
:104FA000C1F30211515C01F01F01C84000BD0000B7
:104FB0001C44025834DF000800B5FFF7C9FF05495B
:104FC0000968054AC1F30221515C01F01F01C84084
:104FD00000BD00001C44025834DF000830B56448AE
:104FE0000068654C10F03801624808D002110829A9
:104FF0000DD010290DD018290DD0104630BD2168D4
:105000008906FBD52168C1F3C101C84030BD1046F7
:1050100030BD5A4830BD564918310A6802F00302C3
:105020000968C1F30511524B1C331B6803F00103DF
:105030004F4D24352D68C5F3CC0515FB03F300EE69
:10504000103AB8EE400A002977D0DFED4D0A484B00
:10505000B7EE001A20333AB39FED4A2A012A58D0FE
:10506000022A6CD001EE901A1868F8EE611AC2EEAE
:10507000212AC0F3080001EE900AF8EE611A40EE12
:10508000201A31EE810A22EE800A1868C0F3462009
:10509000401C00EE900AF8EE600A80EE201ABCEE8A
:1050A000C10A10EE100A30BD226892061BD5226894
:1050B000C2F3C102D04001EE900A1868F8EE612AEE
:1050C00001EE901AF8EE611A82EEA12AC0F30800F0
:1050D00001EE900AF8EE611A40EE201A31EE810AD4
:1050E00022EE000AD1E701EE901ADFED272A1868B8
:1050F000F8EE611A82EEA12AC0F3080001EE900AD0
:10510000F8EE611A40EE201A31EE810A22EE000A12
:10511000BBE701EE901A1868F8EE611AC2EE212A78
:10512000C0F3080001EE900AF8EE611A40EE201A72
:1051300031EE810A22EE800AA7E716E0FFE701EED2
:10514000901ADFED122A1868F8EE611A82EEA12A91
:10515000C0F3080001EE900AF8EE611A40EE201A42
:1051600031EE810A22EE000A8FE7002030BD0000F8
:10517000104402580090D0030044025800366E01DB
:10518000000000390024744A0024744C001BB74B03
:105190002DE9F05F0446002C10D02078DFF8F8836A
:1051A000FE4EFF4DC0075DD0D8F8000000F038007B
:1051B000316810281FD0182803D006E00120BDE870
:1051C000F09F01F00300022815D06068B0F5803F21
:1051D00018D0E0B1B0F5A02F22D0286820F480309C
:1051E0002860286820F480202860606860B3FEF79B
:1051F000A5FD074624E02868800333D5606810BB0E
:105200000120DCE7286840F480302860EDE728685A
:1052100020F480302860286820F480202860E4E7AB
:10522000286840F480202860286840F48030286096
:10523000DBE7FEF783FDC01B642801D90320BEE72E
:1052400028688003F5D50DE0FEF778FD074606E0F7
:10525000FEF774FDC01B642801D90320AFE728685E
:105260008003F5D42078800764D5D8F8000000F0DA
:1052700038003168DFF8289309F1040970B1182863
:1052800001D188070AD0E068A0B3296821F019018C
:1052900001432960FEF752FD07462CE028684007CD
:1052A00001D5E06848B12868E16820F0190008439A
:1052B0002860FEF743FD074608E001207FE7FEF780
:1052C0003DFDC01B022801D9032078E7286840076C
:1052D000F5D5D9F80000217C20F0FE4040EA0160BD
:1052E000C9F8000026E0FEF729FDC01B022802D9FC
:1052F000032064E70CE028684007F4D5D9F80000E3
:10530000217C20F0FE4040EA0160C9F8000011E075
:10531000286820F001002860FEF710FD074606E02F
:10532000FEF70CFDC01B022801D9032047E72868BF
:105330004007F5D42078C00655D5D8F8000000F015
:1053400038003168DFF850920828A9F104090FD01D
:10535000182803D101F00300012809D0E06978B3CF
:10536000286840F080002860FEF7E8FC074619E056
:105370002868C00504D5E069802801D001201EE717
:10538000D9F8000094F8201020F07C5040EA016029
:10539000C9F8000027E0FEF7D1FCC01B022801D9A4
:1053A00003200CE72868C005F5D5D9F8000094F86B
:1053B000201020F07C5040EA0160C9F8000012E0A3
:1053C000FFE7286820F080002860FEF7B7FC07465A
:1053D00006E0FEF7B3FCC01B022801D90320EEE66D
:1053E0002868C005F5D42078000730D5DFF8AC91E7
:1053F000606909F14C09A8B1D9F8000040F001003A
:10540000C9F80000FEF79AFC074606E0FEF796FC96
:10541000C01B022801D90320D1E6D9F8000080077B
:10542000F4D514E0D9F8000020F00100C9F800001C
:10543000FEF784FC074606E0FEF780FCC01B02284E
:1054400001D90320BBE6D9F800008007F4D4207806
:10545000800626D5A06990B1286840F48050286065
:10546000FEF76CFC074606E0FEF768FCC01B02284E
:1054700001D90320A3E628688004F5D511E0286847
:1054800020F480502860FEF759FC074606E0FEF73E
:1054900055FCC01B022801D9032090E6286880042F
:1054A000F5D4207840075DD53E4F386840F48070D1
:1054B0003860FEF743FC814607E0FEF73FFCA0EBB7
:1054C0000900642801D9032079E63868C005F4D5BD
:1054D000324FA0684837012812D0B0B105281DD03E
:1054E000386820F001003860386820F00400386027
:1054F000A06841F2883930B3FEF720FC82461EE0F6
:10550000386840F001003860F2E7386820F00100A8
:105510003860386820F004003860E9E7386840F007
:1055200004003860386840F001003860E0E7FEF7BA
:1055300005FCA0EB0A00484501D903203FE6386886
:105540008007F4D50EE0FEF7F9FB824607E0FEF790
:10555000F5FBA0EB0A00484501D903202FE6386887
:105560008007F4D4616AB1B1D8F80000DFF82CA04C
:10557000C0F3C2000AF1080A4FF6F87B0AF10409E9
:10558000AAF1040803287CD0022911D0286820F051
:105590008070286008E0E5E0104402582844025872
:1055A0000044025800480258FEF7C8FB044689E050
:1055B000286820F080702860FEF7C0FB074606E0F0
:1055C000FEF7BCFBC01B022801D90320F7E52868C1
:1055D0008001F5D4306840F2F3318843E16A40EA53
:1055E0000110A16A08433060208E616B401E491E85
:1055F0004FF6FF72C0F3080002EA41210843218FF1
:105600004FF4FE02491E02EA0141084394F83C109F
:10561000491E120202EA01610843CAF80000D8F8E4
:10562000000020F00100C8F80000D9F80000A16CCB
:1056300020EA0B0040EAC100C9F80000D8F80000D9
:10564000216C20F00C000843C8F80000D8F80000D6
:10565000616C20F002000843C8F80000D8F8000090
:1056600040F48030C8F80000D8F8000040F4003062
:10567000C8F80000D8F8000040F48020C8F8000006
:1056800000E023E0D8F8000040F00100C8F8000076
:10569000286840F080702860FEF750FB044606E062
:1056A000FEF74CFB001B022801D9032087E5286880
:1056B0008001F5D556E0FEF741FB001B022801D919
:1056C00003207CE528688001F5D44BE03268DAF8E5
:1056D0000000012921D0A36A02F0030199421CD1E4
:1056E000E16AC2F30512914217D1216BC0F308029F
:1056F000491E8A4211D1616BC0F34622491E914274
:105700000BD1A16BC0F30642491E914205D1E16B5A
:10571000C0F30660491E814201D001204FE5D9F84F
:105720000000C0F3CC00A16C81421BD0D8F800006F
:1057300020F00100C8F80000FEF700FB0546FEF768
:10574000FDFAA842FBD0D9F80000A16C20EA0B00BA
:1057500040EAC100C9F80000D8F8000040F001009C
:10576000C8F8000000202AE52DE9F04104460D4666
:1057700016461F46002C03D0D4F8880018B108E064
:105780000120BDE8F081002084F88400204601F06B
:1057900069FB2420C4F888002068016821F0010119
:1057A0000160A06A10B1204604F08EFA204604F091
:1057B0001BFC01281DD02068816841F48041816074
:1057C0002068816821F4004129438160700540EA26
:1057D000074120680268084B1A400A4302602068AB
:1057E000016841F0010101602046BDE8F04104F08C
:1057F000CFBA0120C5E70000FFFF00FC70470000A2
:105800002DE9F047044626683169726901EA02050C
:10581000D6F80890002094F8817006F1300812053F
:105820000AD5090708D5B06940F40060B061204688
:1058300000F089FABDE8F08705F0400105F020028C
:10584000114308D1690706D5616F20468847216F4B
:1058500020468847012005F04101012905D169074B
:1058600003D4216F20468847012005F02201022938
:1058700005D1690703D4616F2046884701200028BD
:10588000D8D128074FF001065DD52068816941F025
:10589000080181612068816941F0100181612068FF
:1058A000816941F4006181612068016921F008018A
:1058B00001612068806810F4404F22D025E0E06844
:1058C0000F2807D92068006B616E0860606E001DAC
:1058D000606611E0072807D9B8F80000616E0880FB
:1058E000606E801C606607E0206890F83000616E92
:1058F0000870606E401C6066B4F86A00401EA4F830
:105900006A00B4F86A000028D9D1204603F066FD89
:1059100084F88160D4F8840018B12046FFF76EFF48
:1059200088E7052F07D0042F09D0032F82D1204606
:1059300000F0E6FB7EE7204600F0E3FB7AE7204636
:1059400000F000FA76E715F4587FE9D068060AD52A
:10595000D4F8840040F00400C4F884002068816911
:1059600041F040018161A8050AD5D4F8840040F0D7
:105970000100C4F884002068816941F400718161EC
:10598000E8050AD5D4F8840040F00800C4F8840083
:105990002068816941F480718161A8060AD5D4F834
:1059A000840040F08000C4F884002068816941F0E0
:1059B00020018161D4F884000028B1D020680168FA
:1059C00021F0010101602068016940F26B329143CE
:1059D0000161C9F38130032805D084F88160204635
:1059E000FFF70CFF26E72068816821F440418160C1
:1059F0000E4DE06F50B10565E06FFCF781FA28B1FC
:105A0000D4F8840040F04000C4F88400A06F00285F
:105A100086D00565A06FFCF773FA00288AD054F889
:105A2000840F40F04000206004E7000097940008D5
:105A30002DE9F0410446002C12D00025A562DFF8C4
:105A400058812068554E564F40450BD0B04209D082
:105A5000B84207D0E0680F2804D90120BDE8F081E2
:105A60000120FBE7204603F022FD01462068404567
:105A700005D0B04203D0B84201D0082907D840452C
:105A800003D0B04201D0B84203D1102901D901207E
:105A9000E4E794F8810020B984F88050204600F0B3
:105AA00081F8022084F881002068016821F001015A
:105AB00001602068816801F4F812A169B1F1806F7A
:105AC0000ED16168B1F5800F01D1A36B23B139B953
:105AD000A16BB1F1805F03D1016841F48051016095
:105AE000606840020AD5E068072807D3206801688B
:105AF000236D21F480711943016004E0206801687E
:105B000021F480710160A16AE0690843E16B1143EF
:105B10000843E168084321688860616A606BA26994
:105B20000843A16B11430843216908436169084395
:105B3000216A084361680843E16C0843A16808438F
:105B4000A16C0843A16D08432168C860606868B90A
:105B50002068816821F4C05141F4006181602068AF
:105B6000816821F4C06141F4806181602068016D29
:105B700021F0010101656068400206D52068C16816
:105B8000626D21F000411143C160C4F884500120CE
:105B900084F88100002061E70030014000380040B7
:105BA000003C0040F0B5B5B00646142130A8FAF725
:105BB00066FCB82102A8FAF762FC5A4930685A4DCF
:105BC00002270024884277D181140020CDE90210F9
:105BD000199402A8FEF786FB08B1FBF71BFE52489A
:105BE0000830016841F480410160006800F48040A1
:105BF0000190286840F004002860286800F0040044
:105C00000190286840F002002860286800F0020037
:105C100001900620309031973294339405253495C5
:105C200030A94248FDF778FF4FF40050309031978B
:105C300032943394349530A93D48FDF76DFF3E4DC5
:105C40003C48286027206860AC60EC604FF48067B7
:105C50002F616C61AC61EC614FF4403028626C6282
:105C60002846FCF779FE08B1FBF7D4FDF567AE6373
:105C70003048314D18307835286028206860402041
:105C8000A860EC602F616C61AC61EC6180022862FD
:105C90006C622846FCF760FE08B1FBF7BBFDB567F8
:105CA000AE63002205212420FEF7ECF82420FEF745
:105CB000DBF835B0F0BDFFE720498842F9D14FF459
:105CC00080410020CDE902102D9402A8FEF70AFBC6
:105CD00008B1FBF79FFD14481430016841F0200122
:105CE0000160006800F020000190286840F0010089
:105CF0002860286800F001000190A02030903197C2
:105D0000329433940820349030A90D48FDF704FFF5
:105D1000002205215620FEF7B5F85620FEF7A4F81C
:105D2000C7E7000000380040E0440258000802586D
:105D30000004025828000240700D00200014005892
:105D400000000258704770472DE9FF4F83B00446AA
:105D5000109F92461D46D4F800B00BF1200002902F
:105D60000BF1300BE06B4009401C1FFA80F9FDF786
:105D7000E5FF80462E4694F88100012803D00220DA
:105D800007B0BDE8F08F049878B3BAF1000F2DD0BA
:105D900028002BD094F88000012829D001202C3431
:105DA00084F85400052084F855000020A065C4F84C
:105DB00038A0E587A58704992163E586A5866064F8
:105DC000A06454F82C0CC16821F4C021C16054F8BF
:105DD0002C0DC849884205D0C749884202D0C7491E
:105DE000884207D14FF0100A06E0FFE70120C7E71D
:105DF0000220C5E74FF0080A41686FF30F012943FD
:105E000041602068016841F0010101606068B0F5FF
:105E1000800F04D12068016841F400710160E068DE
:105E20000F2856D94FEA9A0A41E02068416989074C
:105E300010D57EB106EB0A01A9420BD954F85C1FBC
:105E4000096801622068001D2060E088401EE08033
:105E5000E6885C3C20684169FDB14269D2070CD0FC
:105E6000006B54F8641F08602068001D2060E08803
:105E7000401EE080E588643C19E04D450ED20904DF
:105E80000CD5006B54F8641F08602068001D20606A
:105E9000E088401EE080E588643C08E0FDF74EFFA6
:105EA000A0EB0800B84201D3781C04D11FB156EA18
:105EB0000500BAD1F3E0204603F090FA8034606820
:105EC00040F480706060012060700020207003202A
:105ED00056E7072871D94FEA5A0A5CE02068406902
:105EE000800711D586B106EB0A00A8420CD954F8F8
:105EF0005C0F0188029801802068801C2060E08887
:105F0000401EE080E6885C3C216848693DB34969F1
:105F1000C9070DD0BBF8000054F8641F0880206842
:105F2000801C2060E088401EE080E588643C32E010
:105F30004D4515D2010413D5BBF8000054F8641F79
:105F400008802068801C2060BBF800100180206859
:105F5000801C2060E088801EE080E588643C1AE0B8
:105F6000012D0FD180040DD5BBF8000054F8641F3B
:105F700008802068801C2060E088401EE080E58862
:105F8000643C08E0FDF7DAFEA0EB0800B84201D35C
:105F9000781C04D11FB156EA05009FD17FE020464E
:105FA00003F01CFA8034606840F480706060012067
:105FB0006070002020700320E2E650E02068416914
:105FC000890711D586B106EB0A01A9420CD954F80C
:105FD0005C1F097880F820102068401C2060E08851
:105FE000401EE080E6885C3C20684169BDB34269A0
:105FF000D2070DD090F8300054F8641F0870206864
:10600000401C2060E088401EE080E588643C43E05E
:106010004D4525D20A0423D590F83000616E0870F2
:10602000606E401C6066216891F830100170606EEF
:10603000401C6066216891F830100170606E401C51
:106040006066216891F830100170606E401C6066D7
:10605000B4F86A00001FA4F86A00B4F86A501BE0A4
:10606000042D10D211F4C04F0DD090F8300054F828
:10607000641F08702068401C2060E088401EE0809B
:10608000E588643C08E0FDF759FEA0EB0800B84243
:1060900001D3781C1ED1EFB156EA05008ED13B46E4
:1060A000002208212046CDF8008003F00AFA28B12A
:1060B000D4F8840040F02000C4F88400204603F0A7
:1060C0008DF901208034607000202070606878B104
:1060D000012055E6204603F081F98034606840F4E1
:1060E000807060600120607000202070032047E60F
:1060F000002045E60030014000380040003C0040F0
:1061000070477047024A136883430B43136070471C
:10611000040400587047704770470000F0B590F8CD
:106120003C20012A40D0012680F83C60022280F801
:106130003D2003685A689C681C4FDFF874C0BB425E
:1061400001D0634503D122F470054A682A4322F046
:1061500070050A682A435A600268BA4219D0B2F13F
:10616000804F16D0134B9A4213D0134B9A4210D043
:10617000124B9A420DD062450BD0114B9A4208D077
:10618000104B9A4205D0104B9A4202D00F4B9A42C4
:1061900004D124F080038968194391603C30467033
:1061A000002101700020F0BD0220F0BD0000014080
:1061B000000401400004004000080040000C0040C2
:1061C000001800400040014000E0004000E40040B2
:1061D00010B50446002C03D094F83D0010B107E040
:1061E000012010BD002084F83C00204600F017F884
:1061F000022084F83D00211D206803F097FA012059
:106200003D34E0726070A070E07020716071A07128
:10621000E07120726072A0722070002010BD704783
:1062200090F83D10012901D001207047022180F82B
:106230003D100168CA6842F00102CA60006818494E
:1062400088421AD0B0F1804F17D01649884214D036
:106250001549884211D0154988420ED01449884208
:106260000BD01449884208D01349884205D01349FD
:10627000884202D0124988420CD18168114A1140EB
:1062800006290BD0B1F5803F08D0016841F001012B
:10629000016003E0016841F00101016000207047E6
:1062A000000001400004004000080040000C0040D5
:1062B00000040140001800400040014000E00040A0
:1062C00000E400400700010070472DE9F04104465A
:1062D0002068C66805694FF00007A90714D5B10703
:1062E00012D5F91E0161012020772068806980079E
:1062F00003D02046FFF7E8FF05E0204600F0B8F89D
:10630000204600F08DF92777680717D5700715D557
:1063100021686FF0040008610220207720688069FE
:1063200010F4407F03D02046FFF7CEFF05E0204663
:1063300000F09EF8204600F073F92777280716D55D
:10634000300714D521686FF0080008610420207719
:106350002068C069800703D02046FFF7B5FF05E03D
:10636000204600F085F8204600F05AF92777E80625
:1063700017D5F00615D521686FF0100008610820C8
:1063800020772068C06910F4407F03D02046FFF7D3
:106390009BFF05E0204600F06BF8204600F040F936
:1063A0002777E80708D0F00706D021686FF00100D2
:1063B0000861204600F035F9280601D4A80408D564
:1063C000300606D521686FF4025008612046FFF7B9
:1063D000A2FEE80508D5300606D521686FF4807066
:1063E00008612046FFF796FE680608D5700606D5B8
:1063F00021686FF040000861204600F019F9A806F6
:106400000AD5B00608D521686FF020000861204643
:10641000BDE8F041FFF780BEBDE8F08110B586B061
:106420000446142101A8FAF72AF80E492068884288
:1064300015D10D48016841F002010160006800F0CB
:10644000020000904FF400400190022002900021D1
:1064500003910491059001A90448FDF75DFB06B086
:1064600010BD000000180040E0440258000402582B
:10647000704770B504460D46002694F83C0001288C
:106480000BD0012084F83C000C2A4FD007DC82B1ED
:10649000042A22D0082A06D134E0022070BD102A36
:1064A00059D0142A6BD00126002084F83C003046D5
:1064B00070BD2946206803F0A7F92068816941F082
:1064C000080181612068816921F0040181612068EF
:1064D00081692A6911438161E6E72946206803F052
:1064E000E3F92068816941F4006181612068816974
:1064F00021F480618161206881692A6941EA022171
:106500008161D1E72946206803F018FA2068C16943
:1065100041F00801C1612068C16921F00401C16135
:106520002068C1692A691143C161BDE72946206815
:1065300003F04EFA2068C16941F40061C16120682E
:10654000C16921F48061C1612068C1692A6941EA99
:106550000221C161A8E72946206803F073FA206888
:10656000416D41F0080141652068416D21F0040151
:1065700041652068416D2A691143416594E72946C8
:10658000206803F097FA2068416D41F4006141658D
:106590002068416D21F4806141652068416D2A6960
:1065A00041EA022141657FE710B50446002C03D083
:1065B00094F83D0010B107E0012010BD002084F8E0
:1065C0003C00204600F018F8022084F83D00211D10
:1065D000206803F0ABF801203D34E0726070A070D9
:1065E000E07020716071A071E07120726072A07221
:1065F0002070002010BD000008B5006806498842E0
:1066000008D10648016841F040010160006800F0CF
:106610004000009008BD000000180040E844025807
:1066200070470068B0F1804F01D1FDF78DBB704716
:10663000704790F88410012918D0012180F8841047
:106640002421C0F8881001680A680B6823F0010350
:106650000B6022F00051002242660368196020217D
:10666000C0F8881080F8842000207047022070470E
:106670002DE9F05F0446C94EC84FC74ADFF81C83B6
:10668000DFF81893DFF814A3DFF810B32068C34DC8
:106690001836303708F1480809F160090AF1780A1C
:1066A0000BF1900B90427DD1D4F880000068026815
:1066B00013034FF0240276D4B84B183B98423BD0DA
:1066C000A84239D0B04237D0B84235D0404533D057
:1066D000484531D050452FD058452DD0DFF8C0C2A5
:1066E000604529D0DFF8B8C20CF1180C604523D002
:1066F000DFF8ACC20CF1300C60451DD0DFF8A0C251
:106700000CF1480C604517D0DFF894C20CF1600C16
:10671000604511D0DFF888C20CF1780C60450BD0D1
:10672000DFF87CC20CF1900C604505D0DFF870C238
:106730000CF1A80C604506D1D0F800C02CF0010C7B
:10674000C0F800C005E0D0F800C02CF0010CC0F883
:1067500000C0D4F880000068D0F800C04CF4002CD1
:10676000C0F800C0D4F88000006898422FD0A8423A
:106770002DD0B0422BD0B84229D0404527D0484533
:1067800025D0504523D0584521D0854B98421ED066
:10679000834B183398421AD0814B3033984216D02D
:1067A0007F4B01E01BE01BE0483398420FD07C4B4D
:1067B000603398420BD07A4B7833984207D0784BAD
:1067C0009033984203D0764BA833984201D142606F
:1067D00000E04260122902D1724803F065FF90E0A8
:1067E0006E4B183B98423BD0A84239D0B04237D0CC
:1067F000B84235D0404533D0484531D050452FD0F0
:1068000058452DD0DFF898C1604529D0DFF890C1F8
:106810000CF1180C604523D0DFF884C10CF1300C6A
:1068200060451DD0DFF878C10CF1480C604517D0E9
:10683000DFF86CC10CF1600C604511D0DFF860C16D
:106840000CF1780C60450BD0DFF854C10CF1900CC2
:10685000604505D0DFF848C10CF1A80C604506D1B1
:10686000D0F800C02CF0010CC0F800C005E0D0F852
:1068700000C02CF0010CC0F800C0D4F88000006803
:10688000D0F800C02CF4002CC0F800C0D4F8800070
:10689000006898422CD0A8422AD0B04228D0B842F2
:1068A00026D0404524D0484522D0504520D05845D8
:1068B0001ED03B4B98421BD0394B1833984217D00F
:1068C000374B3033984213D0354B483398420FD072
:1068D000334B603398420BD0314B7833984207D01A
:1068E0002F4B9033984203D02D4BA833984201D1BF
:1068F000426000E04260122903D12A48123003F0BE
:10690000D3FE0120E0662068016841F010010160BB
:106910002068816841F040018160D4F880001F49FF
:106920000068183988422CD0A8422AD0B04228D01A
:10693000B84226D0404524D0484522D0504520D0EA
:1069400058451ED0164988421BD015491831884237
:1069500017D013493031884213D011494831884249
:106960000FD00F49603188420BD00D4978318842F1
:1069700007D00B499031884203D00949A831884299
:1069800005D1016841F001010160BDE8F09F016897
:1069900041F001010160F8E700500040280002408A
:1069A0001004024090010024704770B5044694F82A
:1069B000840001281DD0012084F884002420C4F81C
:1069C000880020680568026822F0010202602068E1
:1069D000826822F060620A438260204603F050F928
:1069E000206805602020C4F88800002084F8840016
:1069F00070BD022070BD70B5044694F88400012873
:106A00001DD0012084F884002420C4F88800206868
:106A10000568026822F0010202602068826822F0A4
:106A200060420A438260204603F02AF9206805602C
:106A30002020C4F88800002084F8840070BD022063
:106A400070BD7047704770472DE9F04104462368D8
:106A5000D86919689A6840F60F0500EA0507002F03
:106A60000ED185060CD501F0200502F08056354385
:106A700006D0616F00297DD02046BDE8F04108476F
:106A800000260225002F76D0D54FDFF858C31740D7
:106A900001EA0C0C57EA0C0C6DD05FEAC07C0CD0FC
:106AA0005FEAC15C09D54FF0010CC3F820C0D4F8EF
:106AB000903043F00103C4F89030830709D5D30721
:106AC00007D023681D62D4F8903043F00403C4F863
:106AD000903043070AD5D30708D0256804232B62DA
:106AE000D4F8903043F00203C4F8903003070CD57B
:106AF00001F020033B4308D0256808232B62D4F81B
:106B0000903043F00803C4F8903003050BD54B01D7
:106B100009D525684FF400632B62D4F8903043F018
:106B20002003C4F89030D4F89030002B3CD080067D
:106B300009D501F0200002F08051084303D0616FB5
:106B400009B120468847D4F8900021688968490631
:106B500002D410F0280F2DD0204603F0F1F9206860
:106B60008068400622D52068083050E8001F21F0D8
:106B7000400101E018E023E040E80012002AF2D1D1
:106B8000D4F8800068B198490165D4F88000FBF71B
:106B9000B7F9002808D0D4F88000016DBDE8F041B5
:106BA00008472046FFF74FFFBDE8F0812046FFF77A
:106BB0004AFFF9E72046FFF746FFC4F89060F3E785
:106BC000E76E012F7ED1C7067CD5CF067AD510207F
:106BD0001862206880684FF02003400673D5D4F80F
:106BE00080208249106888423AD080491831884212
:106BF00036D07E493031884232D07C494831884293
:106C00002ED07A49603188422AD07849783188423A
:106C100026D076499031884222D07449A8318842E2
:106C20001ED0734988421BD071491831884217D051
:106C30006F493031884213D06D49483188420FD0B6
:106C40006B49603188420BD069497831884207D05E
:106C500067499031884203D06549A831884201D103
:106C6000406800E0406880B24FF4807760B3B4F8C9
:106C70005C10814240D9A4F85E00D069B84230D09F
:106C8000206850E8001F21F4807140E80012002ABB
:106C9000F6D12068083050E8001F21F0010140E8DB
:106CA0000012002AF5D12068083050E8001F21F0BA
:106CB000400140E80012002AF5D1C4F88C30E666A5
:106CC000206802E056E023E016E050E8001F21F0C3
:106CD000100140E80012002AF2D1D4F88000FAF73F
:106CE00051FF2567B4F85C00B4F85E10401A81B219
:106CF0002046FFF7BDFC57E7B4F85C108142FAD19B
:106D0000D069B842F7D125672046FFF7B1FC4BE7C1
:106D100034F85C0F6188401A81B260885C3C0028BE
:106D2000E9D00029E7D0206850E8002F22F49072C3
:106D300040E80027002FF6D1294FFF432068083094
:106D400050E8002F3A4040E8002CBCF1000FF5D18C
:106D5000C4F88C30E6666667206850E8002F22F0A1
:106D6000100240E80023002BF6D125672046FFF7EC
:106D70007FFC19E7C50209D5550207D54FF48010ED
:106D800018622046BDE8F041FFF75CBE03060CD553
:106D900001F0800302F40002134306D0A16F002922
:106DA000A9D02046BDE8F0410847420606D54A066C
:106DB00004D52046BDE8F04103F0ECB8020206D548
:106DC0004A0004D52046BDE8F041FFF73ABEC001B5
:106DD00091D500298FDA2046BDE8F041FFF7E4BDE8
:106DE00001000010200100043B9E0008100002403A
:106DF0001004024010B50446002C03D0D4F88800DB
:106E000010B107E0012010BD002084F88400204666
:106E100000F028F82420C4F888002068016821F0D8
:106E200001010160A06A10B1204602F04DFF20462A
:106E300003F0DAF8012813D02068416821F490416A
:106E400041602068816821F02A0181602068016822
:106E500041F0010101602046BDE8104002F098BFFA
:106E6000012010BD2DE9F04FB5B00446142130A823
:106E7000F9F705FBB82102A8F9F701FBA54DA44AD3
:106E80002168A44F083D022600204FF008084FF06B
:106E900004094FF4806A914268D102220021CDE9B1
:106EA000022183461F9002A8FDF71CFA08B1FAF7E9
:106EB000B1FC386840F480103860386800F4801005
:106EC0000190286840F004002860286800F0040061
:106ED0000190286840F008002860286800F0080049
:106EE00001904FF4805030903196CDF8C8B0CDF875
:106EF000CCB0CDF8D08030A98748FCF70DFECDF896
:106F0000C0903196CDF8C8B0CDF8CCB0CDF8D080D7
:106F100030A98248FCF700FE824D8148286041205C
:106F20006860C5F808B0C5F80CB0C5F810A0C5F881
:106F300014B0C5F818B04FF48070E861C5F820B0FF
:106F4000C5F824B02846FBF707FD08B1FAF762FC44
:106F5000C4F88050AC63002205213520FCF792FF75
:106F60003520FCF781FF35B0BDE8F08F6E4A4FF059
:106F7000070B914229D102210022CDE902120446D9
:106F80001F9002A8FDF7AEF9010001D0FAF742FC0C
:106F9000386840F080403860386800F080400190E8
:106FA000286840F010002860286800F01000019068
:106FB0004FF4C0703090319632943394CDF8D0B005
:106FC00030A95A48FCF7A8FDCDE7594A914228D18B
:106FD00002220021CDE9022104461F9002A8FDF7FC
:106FE00081F9010001D0FAF715FC386840F400304F
:106FF0003860386800F400300190286840F00800DC
:107000002860286800F008000190702030903196C8
:1070100032943394CDF8D0B030A94048FCF77CFDD1
:10702000A1E7444A91429ED101220021CDE90221EB
:107030000746209002A8FDF755F908B1FAF7EAFBD8
:1070400034480830016841F080010160006800F0B8
:1070500080000190286840F010002860286800F047
:1070600010000190CDF8C090319632973397CDF84B
:10707000D0902E4D30A92846FCF74EFDCDF8C080AB
:107080003196329733970B20349030A92846FCF77D
:1070900043FD2348234D783078352860762068609A
:1070A000AF60EF60C5F810A06F61AF614FF4807002
:1070B000E8614FF440362E626F622846FBF74CFCC5
:1070C00008B1FAF7A7FBC4F88050AC631448154D1B
:1070D0009030F0352860772068604020A860EF602D
:1070E000C5F810A06F61AF61EF612E626F62284634
:1070F000FBF732FC08B1FAF78DFBE567AC630022C1
:1071000005219C20FCF7BEFE9C20FCF7ADFE2AE783
:1071100000500040E844025800080258000C025891
:1071200010000240FC1000200078004000100258BF
:1071300000440040001C014030B4D0F88C30202BBB
:1071400002D0022030BC7047A9B1A2B10023C366AF
:107150000A4C0368A3420BD05B681B0208D5036886
:1071600053E8004F44F0806443E80045002DF6D119
:1071700030BC03F0D1B90120E4E70000000C005856
:10718000704770477047FEE770B50446464D54F8A7
:10719000EC0F90ED000A85ED040A0122014604F08F
:1071A0001FF82068D0ED000AC5ED040A90ED011A21
:1071B00085ED051AD0ED021AC5ED061A90ED030A09
:1071C00085ED070A3948F6EE002A616990ED6F2ACD
:1071D00022EE012A22EE222A81ED042A90ED6F2A66
:1071E000616922EE212A22EE222A81ED052A90ED04
:1071F0006F2A616922EE203ABEEE002A23EE023A9F
:1072000081ED0A3A90ED6F3A616923EE003A23EE80
:10721000223A81ED0B3A90ED6F3A616923EE000A54
:1072200020EE020A81ED100A90ED6F0A616920EEEE
:10723000200A20EE020A81ED110A90ED6F0A6169C1
:1072400020EE210A20EE220A81ED160A90ED6F0A47
:10725000616920EE010A20EE020A81ED170AE16859
:10726000D0ED740A91ED1C0A80EE201A81ED1C1AF3
:10727000E168D0ED740A91ED230A80EE201A81EDC9
:10728000231AE0680A49EC3C026F9FED0A0A8A4221
:1072900001DD80ED1C0AD4F8F800D0F88C208A4279
:1072A00001DD80ED230A70BD24010020505C002028
:1072B00000401C4600401C4670B50546294C01267E
:1072C000267084ED6C0AC4ED6D0A84ED6E1A9FED94
:1072D000260A84ED730A002084F83801D034002196
:1072E00021676167A067E067D03C11EE900AB0F1BA
:1072F0007E5F01DDF7EE001AC4ED741A032300224D
:107300000621201D00F016FD184B01221146A3F1A5
:10731000080003F0A4FD002105EB810090ED000AB8
:10732000D4F8EC0000EB810080ED000A491C042930
:10733000F2DB0F4844F8D00F0E4860600E48A060A2
:107340000E48E06004F8A26C04F8A16C90220C498D
:10735000606BF9F77BF8E06ABDE87040902209495C
:10736000F9F774B8505C0020E8521633185E00201C
:107370008973000889710008BD730008357800081A
:1073800044E200087C01002010B50446902254F825
:10739000F81F0848F9F75AF848220748616AF9F7D0
:1073A00055F8054861694822BDE810404830F9F7B2
:1073B0004DB800007C010020305E002070B504460E
:1073C000B0EE000A54F8EC0F2A4DD0ED000A60EE42
:1073D000800AC5ED080AD0ED010A60EE800AC5ED0D
:1073E000090AD0ED020A60EE800AC5ED0A0AD0ED66
:1073F000030A20EE800A85ED0B0A14F8DE0C14F85F
:10740000E01C800010FB01F1206AF9F738F895EDD7
:107410000A2A206AF1EE421AC0ED001A206A95EDA0
:107420000B0A80ED010AD5ED080A206AB1EE601A58
:1074300080ED021A206A95ED091A80ED031A206A80
:1074400080ED061A206AC0ED070A206A80ED080A5E
:10745000206A80ED092A206AC0ED0C0A206AF1EE4C
:10746000410AC0ED0D0A206AC0ED0E1A206A80EDB7
:107470000F0A70BD2401002030B52DED048B81B0C2
:10748000B0EE619AB0EE428AF0EE628ADF4C84ED93
:107490002E3AD4ED171A70EE611AC4ED1A1A94ED53
:1074A000180A70EEC00AC4ED1B0A94ED190A31EEF9
:1074B000400A84ED1C0AB6EE001AD54D61EE811A21
:1074C00061EE831AC5ED001A60EE810A60EE830A50
:1074D000C5ED010A20EE010A20EE030A85ED020A3D
:1074E0009022CC492068F8F7B1FF95ED000A20689A
:1074F000F1EE403AC0ED013AD5ED010A2068F1EE17
:10750000601AC0ED021A95ED021A2068B1EE413AF8
:1075100080ED033A206880ED060A206880ED081AA5
:107520002068C0ED091A2068C0ED0C0A206880EDC3
:107530000D3A206880ED0F0A206880ED121A20684D
:10754000C0ED130A2068C0ED143A84ED1D9A84ED55
:107550001E8AC4ED1F8AA4F5827429EE090AAB487D
:10756000943008EE080A08EEA80ADFEDAB8AB5EE03
:10757000C00AF1EE10FA04DBF1EEC00AC0ED000A19
:1075800001E0C0ED008AD4ED660AB7EE008A88EE0D
:10759000200A85ED030A002004EB800191ED5E1ABC
:1075A000A16821EE001A01EB800181ED001A401C58
:1075B000C0B20328F0D394ED5B0AD4ED5C0A934883
:1075C00020EE000A903000EEA00AD4ED5D0A00EE35
:1075D000A00AB5EEC00AF1EE10FA04DBF1EEC00A23
:1075E000C0ED000A01E0C0ED008A8C49D4F8980192
:1075F00008448B49884203D2012084F8390102E013
:10760000002084F8390104F58C7494ED260AD4ED39
:10761000290A206820EE200A80ED000A94ED260A4F
:10762000D4ED290A206820EE200A80ED070A94EDA7
:10763000260AD4ED290A206820EE200A80ED0E0AE1
:1076400094ED260AD4ED290A206820EE200A80ED68
:10765000150A94ED270AD4ED290A206820EE200AA5
:1076600080ED1C0A94ED270AD4ED290A206820EE4B
:10767000200A80ED230A606894ED280A80ED000A54
:10768000606894ED280A80ED040A606894ED280A89
:10769000A4F58C7480ED080A201D00F0BFFD606821
:1076A00090ED001A84ED541A90ED010A84ED550A0C
:1076B00090ED022A84ED562AD0ED031AC4ED571A34
:1076C000D0ED040AC4ED580AD0ED050AC4ED590AFC
:1076D000C4ED5A8A61EE012A21EE211AB0EE009A19
:1076E000F0EE480A40EE002A00EE021A4748A430A5
:1076F00052EE890A21EE090A03F044FA94ED540A85
:1077000094ED571AF0EE480A60EE001A3F489C309C
:1077100041EE011A51EE890AD4ED551A20EE210AE4
:10772000D4ED561A01EE810A20EE090A03F02AFA76
:1077300094ED550AD4ED570A94ED561A20EE200A1E
:10774000D4ED540A00EEC10AF8EE000A20EE200A39
:1077500000EE408AB5EEC08AF1EE10FA04DBF1EEDD
:10776000C80ACDED000A01E0CDED008A2748DDED25
:10777000000AA03003F006FA94ED6A0ADFED290A48
:1077800020EE200A84ED6A0A94ED681A21EE201A90
:1077900084ED681A94ED691A61EE200AC4ED690A55
:1077A000D4ED760A204970EE600A10EE900A884205
:1077B00005DDB4F8D401401EA4F8D40109E010EEB0
:1077C000900A1A49884204D9B4F8D401401CA4F89C
:1077D000D40104F5A474DFED161AB4F98C0000EEA0
:1077E000900AB8EEE01AF0EE400A41EE210AC4ED2C
:1077F000190A84ED240AD4E90001401C41F100017A
:1078000003C401B0BDEC048B30BD0000545D00200A
:107810002401002044E2000800000000656676BFF5
:107820003233EB00E12E654200003443000034C3E4
:107830000000B4432DE9F84F044604F1800104F13F
:1078400078000546009103F0B2FC6C3484F85C00CB
:10785000A089A08734F8120CE0876C3C04F1A802E0
:1078600004F1580192468946284603F051FC8234BF
:1078700084F84600E08CE08520882086823C04F174
:10788000B00293465046009903F042FC903484F8CD
:1078900038002088208260886082903C04F1A00239
:1078A000154604F19001584603F0C4FAB03420762E
:1078B0005946284603F0D8FA2076E06BBB49D0ED54
:1078C000001AC1ED0C1A90ED010A81ED0D0AD0ED00
:1078D000020AC1ED0E0A90ED031A81ED0F1A34F879
:1078E000380C20810125658160EE012AB0EE002A66
:1078F000E06F41EEE02A62EE822AC0ED002A61EEDE
:10790000802AE06F40EE812A22EE822A80ED012A51
:1079100061EEA11AE06FB03C40EE401A40EEE01A72
:1079200041EE011AC0ED021A0027A14ED4F82C0135
:1079300000EB870090ED000AB0EEC00A03F058F8A3
:1079400006EB870080ED610A7F1CFFB2032FEDD3A9
:10795000B4F84800A4F8C000A4F8C25004F1C00272
:1079600004F1B8011746884604F1480003F00AFC08
:10797000AA34A077E08A24F8020C258052463946C2
:10798000584603F0C5FBA077E581E08A2082414696
:10799000384603F00CFCA077864A5146404603F077
:1079A000B7FBA077AA3C96ED730AB6EE001AD6EDA7
:1079B000720A20EE011AF4EEC10AF1EE10FA01D2B9
:1079C00086F83851F4EEC00A0020F1EE10FA38DDE6
:1079D00096F83811A1B396F8391149B106F5A0719E
:1079E00006F5A07306C9491C42F1000206C304E073
:1079F0000021C6F84011C6F8441106F5A0724FF0F8
:107A0000320C0CCA0021BCEB0202994104D286F868
:107A1000380184F82C0036E0207B80348200D4E9E1
:107A20001A01F8F713FD14F8740C810011FB00F231
:107A3000D4E91E01F8F70AFD04F8545CBDE8F88F9C
:107A4000FFE79FED5D1A20EE011AF4EEC10AF1EE98
:107A500010FA0DDD96F8381151B170EE600A9FED05
:107A6000571A20EE010A80EE801A86ED671A03E0AD
:107A7000B7EE000A86ED670A0022C6F84021C6F874
:107A8000442184F82C006C3434F8140CA087E08A6C
:107A9000E08752464846009903F03AFB84F85C00C0
:107AA0006C3C04F1980291465946504603F030FB75
:107AB00084F8C80000200DE0D4F81C11D6ED670A48
:107AC00001EB800191ED000A20EE200A81ED000A11
:107AD000401CC0B2B4F89810B4F89A2051438142C7
:107AE000EADC04219FED360A00200A1F06EB820C17
:107AF00001EB41039CED611AD4F81C2103EB000A51
:107B0000C1EE000A02EB8A0292ED001A60EE810AD1
:107B1000C2ED000A401CC0B20328EBD3491CC9B215
:107B20000629E1D334F8980F20846584424639460B
:107B3000484603F0EDFA84F83000983C96F8380196
:107B400050B30420DFED1F0A9FED1F1AD4F8BC10BC
:107B500096ED6F0A01EB800120EE200AD1ED001AAC
:107B6000F4EEC01AF1EE10FA01DD81ED000AD4F84E
:107B7000BC1096ED6F0A01EB800120EE010AD1EDF9
:107B8000001AF4EEC01AF1EE10FA01D281ED000AEB
:107B9000401CC0B20628D9D304F13002414604F19A
:107BA000380003F047F984F8C80047E724010020B3
:107BB000505C0020105E0020CDCCCC3D6666663F58
:107BC000DA0FC93F0AD7233C0AD723BC30B5054694
:107BD0002DED048B8DB000200A900B900C900024AA
:107BE000514A04A907A8F8F775FF9DED0A0ADDEDD3
:107BF000040A30EE200A8DED0A0A9DED0B0ADDED38
:107C0000050A30EE200A8DED0B0A9DED0C0ADDED24
:107C1000060A30EE200A8DED0C0A012003F04AFD21
:107C2000641CE4B2642CDBD300210AA804AA9FEDF3
:107C30003F0A00EB8103D3ED000A02EB810380EEE3
:107C4000801A83ED001A491CC9B20329F1D39DEDB6
:107C5000050ADDED060A20EE000A00EEA00AB5EEE8
:107C6000C00AF1EE10FA04DBF1EEC00ACDED010A14
:107C700003E09FED2F0A8DED010A9DED040A03A894
:107C8000DDED010AB1EE400A02F07CFFDDED060AEF
:107C90009DED050A02A802F075FFDDED030AB6EEC0
:107CA000000A20EE808ADDED020A60EE808AB0EEE6
:107CB000480A03F07BF8B0EE409AB0EE680A03F091
:107CC00075F829EE000A85ED000AB0EE480A03F0C7
:107CD000DDFAB0EE409AB0EE680A03F067F829EEDC
:107CE000000A85ED010AB0EE480A03F05FF8B0EE35
:107CF000409AB0EE680A03F0C9FA29EE000A85ED51
:107D0000020AB0EE480A03F0C1FAB0EE408AB0EEC3
:107D1000680A03F0BBFA28EE000A85ED030A0DB0ED
:107D2000BDEC048B30BD0000C00200200000C84242
:107D3000000000002DE9F05F04468946164698468B
:107D400084F80C90667384F80E804FF0000B84F872
:107D500010B0404604F006FD60614146F8F78FFB25
:107D60004FEA880A504604F0FDFCA0615146F8F73E
:107D700086FB504604F0F6FCE0615146F8F77FFBC5
:107D80004FEA8907384604F0EDFC20623946F8F7DF
:107D900076FB404604F0E6FC60624146F8F76FFB74
:107DA000384604F0DFFC20603946F8F768FB50469F
:107DB00004F0D8FC60605146F8F761FBB500284636
:107DC00004F0D0FCA0602946F8F759FB384604F0CF
:107DD000C9FCC4F8E8003946F8F751FB217B0122C1
:107DE00004F13000D4F8E83003F039F8384604F0F4
:107DF000B9FCC4F8EC003946F8F741FB217B0122BD
:107E000004F13800D4F8EC3003F029F87EB12846AC
:107E100004F0A8FCC4F8F0002946F8F730FB617BB9
:107E2000012204F14000D4F8F03003F018F8504675
:107E300004F098FCC4F8F4005146F8F720FBA17B4D
:107E4000012204F14800D4F8F43003F008F807FBED
:107E500009F5284604F086FCC4F8F8002946F8F72E
:107E60000EFB217B04F150000A46D4F8F83002F0F2
:107E7000F6FF284604F076FCC4F8FC002946F8F723
:107E8000FEFA217B04F158000A46D4F8FC3002F0D7
:107E9000E6FF284604F066FC8834A067284604F014
:107EA00061FCE0672946A06FF8F7E9FA2946E06F20
:107EB000F8F7E5FA14F87C1CA36F883C0A4604F135
:107EC000600002F0CCFF217B04F168000A46D4F880
:107ED000043102F0C4FF8EB107FB06F0064604F041
:107EE00041FCC4F808013146F8F7C9FA627B217BEE
:107EF00004F17000D4F8083102F0B1FF0AFB09F672
:107F0000304604F02FFC9434A06707FB08F738468E
:107F100004F028FCE0673146A06FF8F7B0FA394664
:107F2000E06FF8F7ACFA14F8882C14F8861CA36FED
:107F3000943C04F1780002F092FFA27B217B04F1D3
:107F40008000D4F8103102F08AFF284604F00AFCC1
:107F5000C4F814012946F8F792FA217B04F188004D
:107F60000A46D4F8143102F07AFF0AFB08F00546FD
:107F700004F0F8FB0246C4F8180129461046F8F749
:107F80007EFAA17B04F190000A46D4F8183102F081
:107F900066FF384604F0E6FBC4F81C013946F8F7E2
:107FA0006EFAA27B217B04F19800D4F81C3102F018
:107FB00056FF207B810011FB00F004F0D3FBC4F8D6
:107FC0002001207B810011FB00F004F0CBFBC4F802
:107FD0002401207B810011FB00F004F0C3FBC4F8F6
:107FE0002801207B800004F0BDFBC4F82C01207B1D
:107FF000800004F0B7FBC4F83001217B04F1A0003D
:108000000A46D4F8203102F02AFF217B04F1A800AF
:108010000A46D4F8243102F022FF217B04F1B0009B
:108020000A46D4F8283102F01AFF217B012204F11C
:10803000B800D4F82C3102F012FF217B012204F1A8
:10804000C000D4F8303102F00AFF84F828B084F878
:1080500029B084F82AB084F82BB084F82CB0BDE89D
:10806000F09F10B50446A07B61688200D4F8F4004C
:10807000F8F7ECF9A07B81006068F8F700FA607B04
:10808000A1688200D4F8F000BDE81040F8F7DEB92E
:108090002DE9F041044694F82C00002827D17434CF
:1080A000A08CA086E188E186A08734F81A0CE087CE
:1080B000743C04F1A802154604F1780104F198001B
:1080C00003F026F884F8C80004F1B00204F1580166
:1080D00016460F46284603F01BF884F8C80004F142
:1080E00050023146384603F04DF884F8C800BDE828
:1080F000F0812DE9F041044694F8290000282CD1A4
:1081000004F1680104F160000D46074603F04FF8E2
:1081100084F8C80004F15802164604F150013846AC
:1081200002F0F6FF84F8C800B4F85800A4F8A800DC
:10813000B4F86A00A4F8AA0004F1A8021746294678
:10814000304602F0E5FF84F8C800324604F18801A9
:10815000384602F06FFE84F8C800BDE8F0812DE9D2
:10816000F047044694F82A00002855D104F1800114
:1081700004F178000D46074603F019F86C3484F8D2
:108180005C00A089A08734F8120CE0876C3C04F1F5
:10819000A80204F1580116468846384602F0B8FF96
:1081A000823484F84600E08CE08520882086823C7A
:1081B00004F1B00217462946304602F0A9FF903478
:1081C00084F838002088208260886082903C04F126
:1081D000A002914604F19001384602F02BFEAA3429
:1081E000A0773946484602F03FFEA07734F8520C9B
:1081F00024F8020C34F8280C2080324629464046E8
:1082000002F086FFA077AA3C04F198023946304676
:1082100002F07EFF84F8C800BDE8F08710B5044680
:108220002046FFF71EFFD4F8CC1009B1204688473E
:10823000204600F061F8D4F8D01009B120468847F4
:108240002046FFF756FFD4F8D41009B120468847DE
:10825000207CB0B9E07BA0B1207B8200D4E93A0158
:10826000F8F7F4F8207B810011FB00F2D4E93E011D
:10827000F8F7ECF8D4F8E01009B120468847002060
:1082800029E02046FFF76BFFD4F8D81009B120464B
:108290008847204600F06AF8D4F8DC1009B120467F
:1082A00088472046FFF7F4FEE4E700FB0101D4F81D
:1082B000F82002EB8101226AD1ED000A02EB800274
:1082C00092ED000AF4EEC00AF1EE10FA01D281ED4F
:1082D000000A401CC0B2217B8142E6D8207BD4F842
:1082E000E81082002068F8F7B1F8D4F8E41009B17A
:1082F00020468847206810BD2DE9F041044694F8D7
:10830000280000282AD1627B04F1300104F16000CA
:1083100004F1380522B3227BA4F8B8200126A4F882
:10832000BA6004F1B802174602F0F2FE84F8C80001
:10833000207BA4F8C000A4F8C26004F1C002164675
:1083400004F1400104F1700002F0E2FE04F8C80FED
:108350002A463146384602F06DFD2070BDE8F081B6
:108360002A4602F0D5FE84F8C800F7E72DE9F0416F
:10837000044694F82B00002836D1B4F87800A4F80D
:10838000B8000125A4F8BA5004F1B80204F138018C
:1083900016460F4604F1780002F0BAFEAA34A07720
:1083A00034F8620CE0822583AA3C04F1C0029046B6
:1083B000314604F1480002F0E5FE983484F83000BC
:1083C000208820846584983C3246414604F1980018
:1083D00002F09EFE84F8C80004F1300231463846AF
:1083E00002F028FD84F8C800BDE8F08170EEC00AF4
:1083F00000EE810A7047000008B51948016841F095
:1084000001010160006800F00100009000220521D8
:108410000B20FBF737FD0B20FBF726FD0022052183
:108420000C20FBF72FFD0C20FBF71EFD0022052181
:108430000D20FBF727FD0D20FBF716FD002211464E
:108440001020FBF71FFD1020FBF70EFD0022114648
:108450001120FBF717FDBDE808401120FBF704BD14
:10846000D844025810B518481649016000218160AF
:10847000C1600123037441748174052242618361E8
:108480000E24C461026242628362C4620263416379
:108490008263C2632023036404224264816408244B
:1084A000C464016542658165C16503664166826693
:1084B000FBF7E4F8002803D0BDE81040F9F7AAB9AB
:1084C00010BD000000A00040800A002010B5184830
:1084D0001649016000218160C16001230374417469
:1084E00081740522426183610E24C461026242628A
:1084F0008362C4620263130243638263C263202205
:108500000264042242648164C2640165426581653B
:10851000C1650823036641668266FBF7AFF8002851
:1085200003D0BDE81040F9F775B910BD00A40040B4
:10853000200B002010B51948174901600021816007
:10854000C160012303744174817405224261836117
:108550000E24C461026242628362C462026340F21A
:10856000AD6343638263C2630164042242642023D7
:108570008364C264016542658165C1651423036635
:1085800041668266FBF77AF8002803D0BDE8104008
:10859000F9F740B910BD000000D40040C00B002026
:1085A00010B5124A0021124803F06AFC114C2060F9
:1085B0000E4A00212432104803F062FC60600B4A2E
:1085C000002148320D4803F05BFCA060074A0021FF
:1085D0006C320B4803F054FCE060044A00219032F6
:1085E000084803F04DFC206110BD0000F4DD0008D8
:1085F0004D950008000000202195000819950008FD
:10860000859500087D9500082DE9F04786B0142176
:1086100001A8F7F734FF6648016841F010010160D6
:10862000016801F010010091016841F0040101604E
:10863000016801F004010091016841F080010160CE
:10864000016801F080010091016841F001010160C1
:10865000016801F001010091016841F0020101602F
:10866000016801F002010091016841F00801016018
:10867000006800F0080000904E4D00224FF4C04109
:108680002846FBF753FB012248F209012846FBF775
:108690004DFBDFF82481002204214046FBF746FB16
:1086A000DFF818914FF40857002239464846FBF787
:1086B0003DFB4FF460400190012602960024039494
:1086C000049401A92846FBF727FA09200190029695
:1086D00003940320049001A92846FBF71DFA019694
:1086E0000225029503940494059601A94046FBF7E0
:1086F00013FA0420019002960395049401A94046C0
:10870000FBF70AFA01950295039404940595DFF8A6
:10871000B0A001A95046FBF7FFF901970296039517
:10872000049401A94846FBF7F7F94FF4A0500190D3
:10873000F8010290039401A94846FBF7EDF968039C
:1087400001900295039404940726059601A95046CA
:10875000FBF7E2F94FF44070019002950394049402
:10876000059601A91748FBF7D7F94FF4C0600190AF
:10877000029503940494059601A94046FBF7CCF9B1
:10878000A80301900294039401A94046FBF7C4F9A1
:108790000021A806FDF7B6FC002205212820FBF7E2
:1087A00071FB2820FBF760FB06B0BDE8F0870000F6
:1087B000E044025800080258000002580010025815
:1087C00000040258000C025810B516481449016004
:1087D0004FF480014160002181600722C2604FF0A8
:1087E0000072026152104261920082611201C26104
:1087F000016241628162C16241638163C16301645C
:1088000041648164C164016541658165FDF710F9CA
:10881000002803D0BDE81040F8F7FCBF10BD0000F1
:1088200000380040600C002010B516481449016063
:108830004FF480014160491181600721C16000212E
:1088400001614FF080724261920082619200C261C8
:10885000016241628162C162920042638163C163CD
:10886000016441648164C164016541658165FDF70E
:10887000DFF8002803D0BDE81040F8F7CBBF10BDEB
:1088800000140058E80C002010B58AB000240794AA
:10889000089409941C216846F7F7F1FD174816491A
:1088A000016017214160846040F2CF71C1600461B2
:1088B0008461FDF779FE08B1F8F7ACFF07940994DD
:1088C00007A90E48FDF72AFC08B1F8F7A3FF6020BE
:1088D00000904FF47A700190029404940422694647
:1088E0000648FDF7C6FD08B1F8F794FF0348FDF709
:1088F00095FD0AB010BD000000180040600E002079
:1089000010B5194817490160184941604FF480516A
:1089100081604900C160C9100161042141610021E9
:108920008161C161016241628162FEF763FA08B14F
:10893000F8F770FF00210C48FEF75DF808B1F8F772
:1089400069FF00210848FEF730F808B1F8F762FF28
:108950000548FDF76EFE002803D0BDE81040F8F78B
:1089600059BF10BD00500040AC0E0020A086010091
:1089700010B51848164901604FF4E13141600021FB
:108980008160C16001610C2242618161C16101624B
:1089900041628162FEF72EFA08B1F8F73BFF002131
:1089A0000C48FEF728F808B1F8F734FF0021094811
:1089B000FDF7FBFF08B1F8F72DFF0648FDF739FE7C
:1089C000002803D0BDE81040F8F724BF10BD000018
:1089D00000780040400F002010B51848164901608B
:1089E0004FF4E131416000218160C16001610C22DE
:1089F00042618161C161016241628162FEF7FAF9FF
:108A000008B1F8F707FF00210C48FDF7F4FF08B1A3
:108A1000F8F700FF00210948FDF7C7FF08B1F8F794
:108A2000F9FE0648FDF705FE002803D0BDE810401A
:108A3000F8F7F0BE10BD0000001C014068100020D7
:108A400010B51948174901604FF4E1314160002128
:108A50008160C16001610C2242618161C16101627A
:108A60004162816200231A461946FCF77DFE08B177
:108A7000F8F7D0FE00210C48FDF7BDFF08B1F8F76C
:108A8000C9FE00210848FDF790FF08B1F8F7C2FEC3
:108A90000548FDF7CEFD002803D0BDE81040F8F7EB
:108AA000B9BE10BD00440040D40F0020FEE730B432
:108AB000016849784906090E826813891C0A01F188
:108AC0000A03D45482680B31137A535482680068C5
:108AD0000A324168C06830BCF8F706BAC0680E298F
:108AE00020D2DFE801F0070A1F1F1F1F1F1F0D10F4
:108AF0001316191C0121417216E00021417213E086
:108B00000221417210E0032141720DE00421417203
:108B10000AE00521417207E00621417204E00721C5
:108B2000417201E008214172417A002902D00129F5
:108B300000D081727047000070B506460C4675681B
:108B4000207801093046FFF7C9FFA0786178DFED92
:108B50001F0A40EA012010219FED1D0A04F0F2F9DE
:108B600085ED030AE0782179000140EA11100C211B
:108B7000F3EE0E0ABBEE0E0A04F0E4F985ED000AEE
:108B8000B5EEC00AF1EE10FA01DCB1EE400A10EECB
:108B9000100A1049884203D19FED0F0A85ED000AA3
:108BA0002179607901F00F0140EA01200C21F2EEF9
:108BB000040ABAEE040A04F0C5F985ED010A30464C
:108BC000F7F75AFEF1680020086070BDDB0F4940DE
:108BD000DB0F49C00010343C00000000094A0029A6
:108BE00004D0012905D0022908D105E0FC21D1716A
:108BF00004E0FD21D17101E0FE21D171014900F0B5
:108C000003B80000EB0000200A460068D0E900101D
:108C1000F8F76AB92DE9F04782462DED028BDAF8B4
:108C2000084004F1140594ED020A574910EE100AA9
:108C30009FED561A9FED562A884202DDB0EE410A9A
:108C400006E010EE100A5349884201D9B0EE420AFC
:108C500084ED020AD4ED010A4F4910EE900A8842D1
:108C600002DDF3EE0E0A06E010EE900A4B49884250
:108C700001D9FBEE0E0AC4ED010AD4ED031A4849EE
:108C800011EE900ADFED478A9FED478A884202DDA8
:108C9000F0EE681A06E0F5EEC01AF1EE10FA01D215
:108CA000F0EE481AC4ED031AD4ED041A3F4911EE50
:108CB000900A884202DDF1EE041A06E0F5EEC01AD1
:108CC000F1EE10FA01D2F0EE481AC4ED041AD4ED18
:108CD000001A374911EE900A884202DDF2EE041ABA
:108CE00006E011EE900A3349884201D9FAEE041ADF
:108CF000C4ED001A1020F0EE420A02F0F2FC064623
:108D000094ED010A0C20B3EE0E1AFBEE0E0A02F0EF
:108D1000E8FC074694ED030A0C20B0EE681AF0EE6A
:108D2000480A02F0DEFC804694ED040A0C20B1EE05
:108D3000041AF0EE480A02F0D4FC814694ED000AD1
:108D40000C20B2EE041AFAEE040A02F0CAFC310A50
:108D500029706E703909A970390141EA1821E9704A
:108D600085F804804FEA191169714FEA091141EA47
:108D70001021A971E8712946BDEC028B5046BDE86F
:108D8000F047FFF741BF0000DB0F4940DB0F4940D0
:108D9000DB0F49C0DB0F49C00000F0410000F0C10B
:108DA0000000FA430000FA43000000000000A04069
:108DB00000002041000020C170B505462869C46844
:108DC0004668007A002807D16868008A00EE100A19
:108DD000B8EE400A84ED010A204603F0AEF8286997
:108DE000417A012919D1007A10B394ED020A27497A
:108DF00010EE100ADFED260A884203D930EE200A71
:108E000084ED020A94ED020A224910EE100A88420B
:108E100003DD30EE600A84ED020A204603F01EFFF7
:108E200094ED0B0A86ED000A28690078C8B121E0AC
:108E300094ED020ADFED180AB5EEC00AF1EE10FA61
:108E400003D230EE200A84ED020A94ED020A10EEFD
:108E5000100AB0F18B4FE0DD30EE600A84ED020ABB
:108E6000DBE76868B0F90A0000EE100AB8EEC00A45
:108E700086ED010A304603F060F8304603F0EEFE5E
:108E8000A86896ED0B0A80ED000A70BD000034C39F
:108E90000000B443000034430000004670B50446AF
:108EA000206905696068B0F90A0000EE100AB8EEA2
:108EB000C00A85ED010A284603F03FF8284603F072
:108EC000CDFEA06895ED0B0A80ED000A70BD70B56F
:108ED0000446206840784006050E204600F022FE39
:108EE000A06801890A0A05F10A014254A0680B35FD
:108EF000017A41552068A2684168C068BDE87040A9
:108F00000A32F7F7F1BF00000349886802888280BF
:108F10008968012088707047700A0020FEE700B55C
:108F2000AFB0B8216846F7F7AAFA4FF40041002025
:108F3000CDE9001018200290C8200390042004906E
:108F400002200590069000200790202108910990AA
:108F500008061B906846FBF7C5F9002801D0F8F712
:108F600059FC2FB000BD00002DE9F04704468846AB
:108F70000027DFF81491D9F80000C043800709D01A
:108F8000414D283D286820F080602860FAF7D6FE21
:108F9000064609E00120BDE8F087FAF7CFFE801B06
:108FA000022801D90320F6E728680001F5D4D9F892
:108FB0000000216820F47C3040EA0130C9F800004C
:108FC000A088A168401E491E4FF6FF72C0F308003A
:108FD00002EA41210843A1894FF4FE02491E02EA38
:108FE00001410843217C1202491E02EA0161084343
:108FF0002549103108602448001D0168626921F08C
:10900000C001114301600168A26921F020011143F0
:109010000160016821F0100101601B4914310A68E8
:109020004FF6F8739A43E36942EAC3020A600168A3
:1090300041F010010160B8F1000F0ED0B8F1010F3E
:1090400010D0016841F400110160286840F0806090
:109050002860FAF773FE044610E0016841F400212D
:109060000160F2E7016841F480110160EDE7FAF771
:1090700065FE001B022801D903208CE72868000147
:10908000F5D5384687E70000284402582DE9F04717
:10909000044688460027DFF81491D9F80000C04341
:1090A000800709D0414D283D286820F08050286075
:1090B000FAF744FE064609E00120BDE8F087FAF71A
:1090C0003DFE801B022801D90320F6E728688000B6
:1090D000F5D4D9F80000218820F07C7040EA0150D6
:1090E000C9F80000A088A168401E491E4FF6FF7213
:1090F000C0F3080002EA41210843A1894FF4FE02AF
:10910000491E02EA01410843217C1202491E02EA7B
:10911000016108432549183108602448001D016891
:10912000626921F44061114301600168A26921F480
:10913000007111430160016821F4807101601B49D5
:109140001C310A684FF6F8739A43E36942EAC30296
:109150000A60016841F480710160B8F1000F0ED01F
:10916000B8F1010F10D0016841F0807101602868EA
:1091700040F080502860FAF7E1FD044610E00168F5
:1091800041F480010160F2E7016841F400010160EF
:10919000EDE7FAF7D3FD001B022801D903208CE785
:1091A00028688000F5D5384687E700002844025833
:1091B0000268002111810268518102689181026870
:1091C000D181036803221A7403685A740268918378
:1091D0000268D1830268118402689FED280A82ED3B
:1091E000090A026882ED0A0A026882ED0B0A026827
:1091F00082F83010026882F838100268A2F8C010B5
:10920000026882F84810026882F86810026882F8E2
:109210006010026882F87010026882F8B01002686C
:1092200082F8B810026882F84010026882F8501084
:10923000026882F85810026882F87810026882F892
:109240008010026882F88810026882F89010026824
:1092500082F89810026882F8A010026882F8A810BC
:109260000268918202685182026891750268D17524
:109270000268517600680176704700000000000027
:1092800010B5034600220B4C53F8220020B1C462F3
:1092900053F8220000F018F8521CD2B2042AF3D37B
:1092A00005481862054818630548986205485862E1
:1092B00010BD0000C99200081F1B0008051B000814
:1092C000651B0008C91A0008084941610849016383
:1092D00008494162084981610849C16108498162C0
:1092E00008490162C068642141607047CF8E000860
:1092F000EDCB0008059500089D8E0008B98D00088B
:10930000AF8A00080FCC0008016840689FED1A0A78
:10931000097A9FED1A1AB0F90A00F0EE000A012945
:109320000CD0032919D001EE900AF8EEE11A81EE73
:10933000802A22EE200A20EE010A704701EE900AF0
:10934000F8EEE11A81EE802A22EE200A60EE010A90
:109350009FED0B1A80EE810A704701EE900AF8EE3D
:10936000E11A81EE802A22EE200A60EE010A9FEDCA
:10937000051A80EE810A704700007042DB0F4940F9
:109380003C3C7C41000010424168DFED0C0AB1F921
:10939000082000EE102AB8EEC00A20EE200AF3EEF4
:1093A000040A20EE200A81ED010ADFED050A40687B
:1093B00020EE200A80ED000A70470000000080388F
:1093C0006DE77B3E0148FCF71BBA0000600C0020F3
:1093D0000148FCF715BA0000E80C002010B502683F
:1093E0005169936943F0080393610268936943F0FC
:1093F000100393610268136823F00103136002688D
:10940000136940F26F34A34313610268936823F435
:109410004043936090F88120042A0CD08A060AD534
:10942000D0F8842042F08002C0F88420026893695A
:1094300043F02003936190F88120032A0CD04A0660
:109440000AD5D0F8842042F00402C0F884200268D3
:10945000936943F0400393618A050AD5D0F88420CC
:1094600042F00102C0F884200268936943F400735B
:109470009361C9050AD5D0F8841041F00801C0F8FD
:10948000841001688A6942F480728A61002120F8A0
:10949000621F018110BD10B5806B00216230018117
:1094A00001800121C1776238FCF7A8F910BDC16BBA
:1094B000012202EB5111C068401CC01DC008484386
:1094C00070472DE9F04106460D4617461C46DDF86B
:1094D000188008E0FAF732FCA0EB0800A04201D3A4
:1094E000601C0BD154B13068406935EA000007D0E8
:1094F0000020B842EED00020BDE8F0810320FBE759
:109500000120F6E781689FED030A81ED000A4169B9
:109510000847000000000000012002F073FCFBE798
:109520002DED028B074C9FED088A0648616988473C
:10953000A06880ED008AE16902488847012002F0B6
:1095400061FCF2E71C0A002000000000094C084DF5
:10955000094E04F12807696905488847216A384699
:109560008847F16A04488847012002F04BFCF2E783
:10957000CC030020D00200201C0A0020012002F0B1
:1095800041FCFBE7034C0348E1698847012002F0F6
:1095900039FCF8E7D002002010B54FF0E020006958
:1095A00004F066FA012803D0BDE8104003F080BF44
:1095B00010BD000010B59CB04C2109A8F6F75FFF64
:1095C000202101A8F6F75BFF0220FAF78DFC0024AA
:1095D0001C48016821F440410160016801F44041E8
:1095E000009101688904FCD50121099108040A90C1
:1095F0000220129013901490282215921691179021
:1096000018900C2019901A941B9409A8FBF7C0FD20
:1096100008B1F8F7FFF83F2001900320029003946F
:1096200008200490402005900690010107910890C1
:10963000032101A8FBF71EFB002801D0F8F7EAF888
:109640001CB010BD1848025810B52D48016841F4EF
:10965000700101602B4A106800F00F00072804D247
:10966000106820F00F00C01D10602749086840F006
:1096700001000860244B0020103318600B68234C55
:1096800023400B60136803F00F03072B04D9136802
:1096900023F00F03DB1D13601B4A18321060121DEC
:1096A0001060121D1060184B194A28331A601B1DD8
:1096B000184A1A601B1D184A1A601B1D18601B1DD2
:1096C0001A601B1D18601B1D1A601A1D10600A68A5
:1096D00022F480220A600C49603108600A48D430C4
:1096E0000168C9040BD4016841F4805101600B4A40
:1096F00043F2D2011160016821F48051016010BD74
:1097000088ED00E000200052004402587FEDF6EAA8
:10971000000202020000FF0180020101004000522D
:109720000148FCF7D2BD0000641200202DE9F04F83
:1097300002682B4D2B4E2C4FDFF8B0C02C4B4FF056
:10974000804AA84209D0504507D0B04205D0B8425F
:1097500003D0604501D0984203D122F070044A68DA
:109760002243DFF89080DFF89090DFF890B0A842B5
:1097700015D0504513D0B04211D0B8420FD060453B
:109780000DD098420BD0404509D0484507D05845E8
:1097900005D01B4CA04202D01A4CA04203D122F4A7
:1097A0004074CA6822434C6922F0800222438C68CC
:1097B000C4620C688462A84207D0984205D0404534
:1097C00003D0484501D0584501D1096901630168BA
:1097D00041F004010160012141610260BDE8F08FA8
:1097E000000001400004004000080040000C004060
:1097F0000004014000400140004401400048014095
:1098000000E0004000E400402DE9F043046A026AF1
:1098100022F001020262426883691D4D2B4023F051
:1098200003030D681D4324F002048B682343194E83
:10983000194FDFF868C0DFF86880DFF86890B04241
:1098400007D0B84205D0604503D0404501D0484517
:1098500005D123F00804CB68234323F00403B0426E
:1098600007D0B84205D0604503D0404501D04845F7
:1098700007D122F4807222F400724C6914438A6981
:10988000224342608561496841630362BDE8F08319
:109890008FFFFEFF00000140000401400040014036
:1098A0000044014000480140F0B5056A026A22F018
:1098B00010020262426883691A4C234023F4407309
:1098C0000C6843EA042425F020038D6843EA05135D
:1098D000154D164EA84201D0B04206D123F08003A8
:1098E000CF6843EA071323F04003A8420AD0B042EE
:1098F00008D00F4DA84205D00E4DA84202D00E4D03
:10990000A84209D122F4806222F400624D6942EA41
:1099100085028D6942EA85024260846149688163FB
:109920000362F0BDFF8FFFFE000001400004014014
:10993000004001400044014000480140F0B5056A84
:10994000026A22F4807202624268C3691A4C2340A0
:1099500023F003030C681C4325F400738D6843EA6D
:109960000523164D164EA84201D0B04206D123F46D
:109970000063CF6843EA072323F48063A8420AD038
:10998000B04208D00F4DA84205D00F4DA84202D0DA
:109990000E4DA84209D122F4805222F400524D69A2
:1099A00042EA05128D6942EA05124260C4614968C3
:1099B000C1630362F0BD00008FFFFEFF00000140A5
:1099C00000040140004001400044014000480140C3
:1099D00030B5046A026A22F4805202624268C369A6
:1099E000124D2B4023F440730D6843EA052324F401
:1099F00000548D6844EA05340D4DA8420BD00D4D3E
:109A0000A84208D00C4DA84205D00C4DA84202D067
:109A10000B4DA84204D122F480424D6942EA8512DE
:109A20004260C36149680164046230BDFF8FFFFE7C
:109A3000000001400004014000400140004401409A
:109A40000048014030B5056A026A22F480320262A1
:109A50004268436D114C23400C681C4325F40033CD
:109A60000D8943EA05430E4DA8420BD00D4DA84287
:109A700008D00D4DA84205D00C4DA84202D00C4D87
:109A8000A84204D122F480324D6942EA05224260A4
:109A9000446549688165036230BD00008FFFFEFFA9
:109AA000000001400004014000400140004401402A
:109AB0000048014030B5056A026A22F48012026251
:109AC0004268436D114C23400C6843EA042425F49A
:109AD00000130D8943EA05530D4DA8420BD00D4DDF
:109AE000A84208D00C4DA84205D00C4DA84202D087
:109AF0000B4DA84204D122F480224D6942EA85220E
:109B0000426044654968C165036230BDFF8FFFFE56
:109B100000000140000401400040014000440140B9
:109B2000004801400168097ADFED450A002913D099
:109B300001292FD0022965D003292AD1816891ED0E
:109B4000000A81ED010A10EE101A3E4B826899421C
:109B500048DD9FED3D0A4CE0816891ED000A81ED02
:109B6000010A10EE101A8268B1F18D4F02DDB0EEDD
:109B7000600A06E010EE101A11F1665F01D99FED40
:109B8000330A82ED010ABDEEC00A806810EE101A99
:109B9000018170478168DFED2E1A91ED001A81EE88
:109BA000210A81ED010A10EE102A2A4B81689A429F
:109BB00002DDB3EE020A06E010EE102A264B9A42AE
:109BC00001D9BBEE020A81ED010AF3EE041A8068A6
:109BD00080EE211A21EE200ABDEEC00A10EE101A06
:109BE0000181704710EE101A1C4B994201D99FED6C
:109BF0001C0A82ED010ABDEEC00A806810EE101A40
:109C000001817047816891ED000A81ED010A10EE33
:109C1000101A144B8268994202DD9FED130A06E088
:109C200010EE101A114B994201D99FED110A82EDE5
:109C3000010ABDEEC00A806810EE101A018170475B
:109C40000000804600401C4600401C46000080C6C4
:109C50006DE77B3E00009041000090C100401CC6B3
:109C600000401CC60050C3460050C3460050C3C647
:109C70000050C3C60148FCF7E7BE0000AC0E002050
:109C800030B5416E002917D002689168C1F3426176
:109C90009268520F0B4B9C5C250103F10804A25CF7
:109CA000B5FBF2F2A0F86A205A5C615C1201B2FBCB
:109CB000F1F1A0F8681030BD0121683041800180C9
:109CC00030BD000024DF000890F82810090706D5F1
:109CD00001684A68836B22F400421A434A6090F894
:109CE0002810C90706D001684A68C36A22F4003206
:109CF0001A434A6090F82810890706D501684A6817
:109D0000036B22F480321A434A6090F82810490706
:109D100006D501684A68436B22F480221A434A60E0
:109D200090F82810C90606D501688A68C36B22F42A
:109D300080521A438A6090F82810890606D5016877
:109D40008A68036C22F400521A438A6090F8281043
:109D5000490611D501684A68436C22F480121A43FF
:109D60004A60416CB1F5801F06D101684A68836C76
:109D700022F4C0021A434A6090F82810090606D55A
:109D800001684A68C06C22F4002202434A607047AE
:109D90002DE9F84304460025C4F89050F9F7CEFFAA
:109DA0008046206800684FF0200600076FF07E476D
:109DB00016D54346002231042046009700F0FEFBF2
:109DC00070B1206850E8001F21F0800140E80012C7
:109DD000002AF6D18434666025700320BDE8F8833C
:109DE00020680068400720D5434600224FF48001D8
:109DF0002046009700F0E2FBB8B1206850E8001F51
:109E000021F4907140E80012002AF6D12068083051
:109E100050E8001F21F0010140E80012002AF5D1AE
:109E20008434A66025700320D8E76C34E66126628E
:109E30002560656025760020D0E710B5806B002195
:109E4000A0F85E10FCF7FFFD10BD70B5846BD4F870
:109E50008800D4F88C50216889684FF00006090604
:109E600006D5212804D1A4F85660204600F0A4F8B5
:109E700020688068400606D5222D04D1A4F85E60D3
:109E8000204600F05DF8D4F8900040F01000C4F8CF
:109E900090002046FCF7D7FD70BD10B50146886BD9
:109EA000C9690023B1F5807F2DD0A0F85E3001682C
:109EB00051E8002F22F4807241E80024002CF6D1F2
:109EC0000168083151E8002F22F0010241E8002426
:109ED000002CF5D10168083151E8002F22F0400232
:109EE00041E80024002CF5D12021C0F88C10C16E6F
:109EF000012908D1016851E8002F22F0100241E841
:109F00000024002CF6D10367C16E012902D0FDF7B1
:109F100037F910BDB0F85C10FCF7AAFB10BD10B506
:109F2000806B01210167C16E012902D0FDF729F97B
:109F300010BDB0F85C104908FCF79AFB10BD00009A
:109F400010B5016851E8002F22F4907241E8002317
:109F5000002BF6D10E4B0168083151E8002F1A4052
:109F600041E80024002CF6D1C16E012908D1016816
:109F700051E8002F22F0100241E80023002BF6D117
:109F80002021C0F88C100021C166416710BD00007F
:109F9000FEFFFFEF10B5016851E8002F22F04002EC
:109FA00041E80023002BF6D12021C0F888100021C1
:109FB0008167FDF7E7F810BD016851E8002F22F036
:109FC000C00241E80023002BF6D10168083151E8B6
:109FD000002F22F4000241E80023002BF5D12021BC
:109FE000C0F88810704700002DE9F04387B00446A0
:109FF0000026DFF8FC9320682269A168E369114319
:10A0000062691A4311430268FA4B1A400A4302601C
:10A0100020684168E26821F4405111434160A06921
:10A020002168494501D0226A10438A68F24B1A40E0
:10A0300002438A602068C16A626A21F00F011143FD
:10A04000C162EE4A2068EE4990421DD1096801F0D4
:10A050003801182912D005DC51B108290AD010297D
:10A0600004D109E020290BD028290BD080212DE133
:10A0700001212BE1042129E1082127E1102125E11B
:10A08000202123E1402121E1DE4A904217D10968D5
:10A0900001F00701062910D2DFE801F003050709E6
:10A0A0000B0D002112E1042110E108210EE1102125
:10A0B0000CE120210AE1402108E1802106E1D24A99
:10A0C000904217D1096801F00701062910D2DFE894
:10A0D00001F0030507090B0D0021F7E00421F5E06D
:10A0E0000821F3E01021F1E02021EFE04021EDE034
:10A0F0008021EBE0C54A904217D1096801F00701C1
:10A10000062910D2DFE801F0030507090B0D002135
:10A11000DCE00421DAE00821D8E01021D6E020219B
:10A12000D4E04021D2E08021D0E0B94A904217D15A
:10A13000096801F00701062910D2DFE801F00305E4
:10A1400007090B0D0021C1E00421BFE00821BDE09B
:10A150001021BBE02021B9E04021B7E08021B5E02B
:10A16000AC4A90421DD1096801F03801182912D07B
:10A1700005DC51B108290AD0102904D109E02029B1
:10A180000BD028290BD08021A0E001219EE00421E2
:10A190009CE008219AE0102198E0202196E04021DF
:10A1A00094E09D4A904217D1096801F00701062901
:10A1B00010D2DFE801F0030507090B0D002185E04F
:10A1C000042183E0082181E010217FE020217DE04F
:10A1D00040217BE0802179E0904A904217D10968C4
:10A1E00001F00701062910D2DFE801F00305070995
:10A1F0000B0D00216AE0042168E0082166E01021CF
:10A2000064E0202162E0402160E080215EE0844A39
:10A2100090421DD1096801F03801182912D005DCDF
:10A2200051B108290AD0102904D109E020290BD006
:10A2300028290BD0802149E0012147E0042145E095
:10A24000082143E0102141E020213FE040213DE092
:10A25000744A90421DD1096801F03801182912D0C2
:10A2600005DC51B108290AD0102904D109E02029C0
:10A270000BD028290BD0802128E0012126E00421E1
:10A2800024E0082122E0102120E020211EE04021CE
:10A290001CE0484519D15A49091D096801F0070118
:10A2A000062910D2DFE801F0030507090B0D022192
:10A2B0000CE004210AE0082108E0102106E020213A
:10A2C00004E0402102E0802100E08021564D4C4A0C
:10A2D0002B11564F543A4FF000084FF4004C4845AC
:10A2E00056D110292BD006DC02291AD004291CD003
:10A2F000082904D11EE0202929D0402929D0002591
:10A300000126EDB3606A37F81020B5FBF2F06768FC
:10A3100007EB4701814202D8B0EB073F1BD901266A
:10A32000EDE0F9F70DFE0546EBE704A8F9F71AFE94
:10A33000059DE6E701A8F9F7F5FE029DE1E7106843
:10A340008006DED51068C0F3C100C540D9E71D46C0
:10A35000D7E76546D5E7002328461946F6F736F8CD
:10A36000090241EA106102027808101841EB080165
:10A370003A460023F6F72AF8A0F540712C4A00E08F
:10A3800058E0914202D82168C860B8E00126B6E0E2
:10A39000E0694FF6EF7960456DD1082958D005DCAA
:10A3A00029B301294BD0042906D14CE0102954D0FF
:10A3B00020295AD040295AD000250126D5B3606AF9
:10A3C00037F81000B5FBF0F04100606801EB500178
:10A3D000B1FBF0F0A0F1100149454AD84FF6F071F9
:10A3E0000140C0F3420001432068C16087E022E0E1
:10A3F000000C0058F369FFCFFFF4FF11001001407B
:10A40000544402580044004000480040004C0040C2
:10A41000005000400014014000780040007C0040E3
:10A4200000180140001C01400090D0030CDF000820
:10A43000FFFC0F0061E0FAF7ADFD0546BEE7FAF755
:10A44000BBFD0546BAE704A8F9F78CFD059DB5E705
:10A4500001A8F9F767FE029DB0E710688006ADD548
:10A460001068C0F3C100C540A8E71D46A6E76546D1
:10A47000A4E7012643E008292ED005DCF9B1012923
:10A4800021D0042906D122E010292AD0202930D059
:10A49000402930D0002501267DB3606A37F81000CE
:10A4A000B5FBF0F1606801EB5001B1FBF0F0A0F1F9
:10A4B0001001494522D8216880B2C8601FE0FAF730
:10A4C00069FD0546E8E7FAF777FD0546E4E704A8E5
:10A4D000F9F748FD059DDFE701A8F9F723FE029D86
:10A4E000DAE710688006D7D51068C0F3C100C54010
:10A4F000D2E71D46D0E76546CEE700E00126012001
:10A50000683460802080C4F80C80C4F8108007B0E4
:10A510003046BDE8F083000070B5044644F8581F8B
:10A52000A2800021A16322206063A06A583C002819
:10A530001DD01F4BC363241D1E48E36F1864E36FD7
:10A540001D48D864E06F0165606D54F8041CE56F28
:10A55000134602462431241F2846F8F7F5FB30B194
:10A5600010208C34606020202060012070BD2069A4
:10A5700040B1206850E8001F41F4807140E80012AB
:10A58000002AF6D12068083050E8001F41F0010190
:10A5900040E80012002AF5D12068083050E8001F7A
:10A5A00041F0400140E80012002AF5D1002070BDC2
:10A5B0009B9E00081F9F00084B9E00082DE9F04756
:10A5C0000446089E0D46174698464FF0000935E0B0
:10A5D000701C33D0F9F7B2FBA0EB0800B04219D8D9
:10A5E000C6B120680168490728D5802D26D0402DA6
:10A5F00024D0C169C94309070ED420680825056223
:10A600002046FFF79DFCC4F8905084F88490012008
:10A61000BDE8F0870320FBE7C069C04300050DD407
:10A6200021684FF4006008622046FFF789FC202073
:10A63000C4F8900084F884900320E9E72068C0699A
:10A6400035EA000004D00020B842C1D00020DFE786
:10A650000120F9E710B50448FCF7F6F9BDE8104011
:10A660000148F6F7A9BF00006810002005480068FF
:10A67000016841F0100101604FF4C87202490148BD
:10A68000FCF75ABD681000200000002401F0AABAAF
:10A69000034A1223A2F11201024800F023B800007D
:10A6A000A2010024AC0E002010B50C4A0C4C13780B
:10A6B000002B04D023680022A3F8C22001E001236C
:10A6C00013700146E26806489047216904488847AC
:10A6D000BDE81040024802F0C5B80000B4000020F8
:10A6E000CC0300202DE9FF4F0121C16603994FF6ED
:10A6F000FF7202EA4101A0F85C1001688A6842F02A
:10A7000040028A6001680A6842F010020A60624BE7
:10A71000614C614D604E604FDFF87CC1DFF878819D
:10A72000DFF878A1DFF874B15B4A1833303448356C
:10A730006036DFF8689178370CF1900C08F1A808C2
:10A740000AF1180A0BF1300BD0F880100968914219
:10A7500031D099422FD0A1422DD0A9422BD0B14265
:10A7600029D0B94227D0614525D0414523D049455C
:10A7700021D051451FD059451DD0DFF820E10EF101
:10A78000480E714517D0DFF814E10EF1600E7145E7
:10A7900011D0DFF808E10EF1780E71450BD0DFF82B
:10A7A000FCE00EF1900E714505D0DFF8F0E00EF1FF
:10A7B000A80E714506D1D1F800E02EF0010EC1F8C7
:10A7C00000E005E0D1F800E02EF0010EC1F800E055
:10A7D000D0F8801009680968C907B5D1D0F880E0C1
:10A7E0000168DEF800E02431CEF80810D0F880E0EF
:10A7F0000199DEF800E0CEF80C10D0F880E0029964
:10A80000DEF800E0CEF81010D0F880E00399DEF812
:10A8100000E0CEF80410D0F880100968D1F800E00C
:10A820004EF4802EC1F800E0D0F88000006890421D
:10A8300027D0984225D0A04223D0A84221D0B042B0
:10A840001FD0B8421DD060451BD0404519D04845A7
:10A8500017D0504515D0584513D01049483188427B
:10A860000FD00E49603188420BD00C4978318842B4
:10A8700007D00A499031884203D00849A83188425C
:10A8800005D1016841F001010160BDE8FF8F016859
:10A8900041F001010160F8E710000240100402409D
:10A8A000FEE700002DE9F0438DB00646DDE914898E
:10A8B0000C4615461F468DED0A0ACDED0B0A8DEDAF
:10A8C0000C1ACDED041A8DED052ACDED062A0AAB42
:10A8D000032201211F4800F0C2FA1E4807AB0322E1
:10A8E0000121083000F0BBFA1A4A1A480832A2F1D6
:10A8F000100100F00DFC9DED070A86ED000A9DEDAC
:10A90000080A84ED000A9DED090A85ED000A04ABF2
:10A91000032201210F4800F0A2FA0E4801AB0322E6
:10A920000121083000F09BFA0A4A0A480832A2F1D5
:10A93000100100F0EDFB9DED010A87ED000A9DED91
:10A94000020A88ED000A9DED030A89ED000A0DB0A8
:10A95000BDE8F0836C01002030B505460C46002DA3
:10A9600001D0022C01D8002030BD0A48A11E428827
:10A970002846F7F783F82919C2B211F8023C9A4227
:10A9800006D111F8011CB1EB102F01D1012030BD0F
:10A99000002030BDAC00002030B505460C46002D2F
:10A9A00001D0022C01D8002030BD601E81B2FF22F0
:10A9B0002846F7F77BF805490870291911F8011C9A
:10A9C000814201D1012030BD002030BDAC0000200B
:10A9D0000907090E002804DB00F1E02080F80014CC
:10A9E000704700F00F0000F1E02080F8141D704760
:10A9F00010B510EE104A4FF01A402DED028B00EB0F
:10AA00004400B0F1C85F4AD84FF0FC40B0EB440FAF
:10AA100022D2B0EEC00AF7EE000A30EEC00AF6EE1F
:10AA2000000A20EE208A18EE100A02F074F900EEF7
:10AA3000100A14F0004F1DBF9FED281ADFED280A01
:10AA4000B1EE400A9FED271A08BFF0EE410AF8EE7A
:10AA5000001A20EE210A05E020EE008A9FED221A5E
:10AA6000DFED220ADFED221A9FED222A70EEC00AE6
:10AA700020EE080A08EE212ADFED1F1A48EE021A1E
:10AA80009FED1E2A08EE212ADFED1D1A48EE021A5C
:10AA9000BDEC028B40EE610A30EE810A10BD4FF032
:10AAA000CC40B0EB440F82BF9FED160ABDEC028B89
:10AAB00010BD4FF07F40B0EB440F05D2BDEC028BD0
:10AAC000BDE8104000F03DB8012000F055F8BDECA5
:10AAD000028BBDE8104000F037B80000000049408C
:10AAE00022AA7D3A000000000000C93F22AAFD39D9
:10AAF00024FE1C3DC78AD83C1E67383D1B93993DF8
:10AB0000AFAA2A3EDB0FC93F10B52DED028BB1EE87
:10AB1000C08A18EE100A20F00040C0F1FF40C00FBC
:10AB20000AD010EE100A20F00040C0F1FF40C00F24
:10AB300004BF012000F020F8B0EE480ABDEC028B03
:10AB400010BD30EE000A7047DFED020A80EEA00A69
:10AB5000704700000000000002E008C8121F08C192
:10AB6000002AFAD170477047002001E001C1121F8E
:10AB7000002AFBD1704700000149086070470000BF
:10AB80007C0A002010B59FED823A4FF07E51F7EE1F
:10AB9000003ADFED801ADFED802AF5EEC00A7F4A29
:10ABA000F1EE10FA3CDD80EE201A0023B5EEC01A5B
:10ABB000F1EE10FA02D20123B1EE411A11EE104A61
:10ABC0008C4214DD83EE810A0121C1F1090402EBFC
:10ABD0008404F0EE610A94ED001AF0EE411A40EEA2
:10ABE000201A491C0A29F0DB32EEE10A11E00121AA
:10ABF000C1F1090402EB8404F0EE610A94ED000A4D
:10AC0000F0EE401A41EE201A491C0A29F0DB31EE21
:10AC1000830A0BB1B1EE400A80ED000A002010BD9E
:10AC2000F5EEC00AF1EE10FA7ED29FED5D2AB5EE88
:10AC3000C00AF1EE10FA3DDD80EE201A0023B5EED9
:10AC4000C01AF1EE10FA02D20123B1EE411A11EE50
:10AC5000104A8C4214DD83EE810A0121C1F10904FE
:10AC600002EB8404F0EE610A94ED001AF0EE411A52
:10AC700040EE201A491C0A29F0DB32EEE10A11E00D
:10AC80000121C1F1090402EB8404F0EE610A94EDA4
:10AC9000000AF0EE401A41EE201A491C0A29F0DBA6
:10ACA00031EE830A0BB1B1EE400A30EE020A80EDBC
:10ACB000000A4FE0B5EEC00AF1EE10FA3FD280EE86
:10ACC000201A0023B5EEC01AF1EE10FA02D20123C9
:10ACD000B1EE411A11EE104A8C4214DD83EE810A66
:10ACE0000121C1F1090402EB8404F0EE610A94ED44
:10ACF000001AF0EE411A40EE201A491C0A29F0DB36
:10AD000032EEE10A13E00121C1F1090402EB8404EF
:10AD1000F0EE610A94ED000AF0EE401A41EE201ABE
:10AD2000491C0A29F0DB00E016E031EE830A0BB182
:10AD3000B1EE400A30EE420A80ED000A0AE010EE61
:10AD4000101AC90F21B19FED170A80ED000A01E02A
:10AD500080ED002A002010BDF5EEC00AF1EE10FAD9
:10AD600013D1B5EEC00AF1EE10FA03DDC0ED002AF2
:10AD7000002010BDB5EEC00AF1EE10FA05D29FED2D
:10AD80000A0A80ED000A002010BD6FF0030010BD1C
:10AD900000000000A59204BDDB0FC93FD8EA0008FF
:10ADA000DB0F4940DB0F49C0DB0FC9BF9FED1E1A07
:10ADB000F5EE000A40EE010ABDEEE00A10EE100AC0
:10ADC000F5EEC00AF1EE10FA00D2401E00EE100AB5
:10ADD000B8EEC00A30EEC00ADFED140A20EE200AF9
:10ADE000BCEEC01A11EE100A80B2B0F5007F02D39B
:10ADF000002030EE600A00EE900AF8EE600A70EE75
:10AE0000600A0B4901EB800292ED000A401C01EB45
:10AE1000800090ED001AF7EE001A71EEE01A21EEB4
:10AE2000800A00EE810A704783F9223E0000004448
:10AE3000D4E2000810B544684B6852680188408825
:10AE4000414308E0B4EC010AF3EC010A30EE200AB9
:10AE5000A2EC010A491E0029F4D1002010BD018096
:10AE600042804360704700002DE9F04F4A68058832
:10AE7000B0F80290DFEDA50AB0EE600A00272B467D
:10AE8000F7EE001A10E0EC1A02E0E2EC010A641E90
:10AE9000002CFAD1E2EC011A5C1E02E0E2EC010A9D
:10AEA000641E002CFAD15B1E002BECD198466FF08B
:10AEB000040A09E10027B0F802C046680CFB0883C9
:10AEC00006EB8303D3ED000A44464246531C12E0CE
:10AED0000CFB038B06EB8B0B9BED000AB0EEC01A4C
:10AEE000B0EEE02AB4EEC21AF1EE10FA02DD1C4612
:10AEF000F0EE400A5B1CAB42EAD3F5EEC00AF1EE7D
:10AF000010FA2FD044452DD0ACEB080B02FB0C837C
:10AF100006EB830304FB0C8706EB8706002708E09B
:10AF200093ED000A96ED001AA3EC011AA6EC010AB3
:10AF30007F1C5F45F4DB4E684F8802FB07F306EB8E
:10AF400083037C4306EB8404002608E093ED000AAB
:10AF500094ED001AA3EC011AA4EC010A761CBE427F
:10AF6000F4DB0127012F07D0F5EEC00AF1EE10FA4D
:10AF700002D15046BDE8F08F81EEA00A44684388B4
:10AF8000A3EB080602FB038304EB8303002406E023
:10AF9000D3ED000A60EE800AE3EC010A641CB442BF
:10AFA000F6DB4B684E8802FB06F403EB84030024B7
:10AFB00006E0D3ED000A60EE800AE3EC010A641CAF
:10AFC000B442F6DB00233BE04688D0F804C006FB21
:10AFD00003840CEB840494ED000AA6EB080B03FB3E
:10AFE00006F40CEB840404EB880456430CEB860651
:10AFF00006EB880C002608E0BCEC011AD4ED000A30
:10B0000040EE410AE4EC010A761C5E45F4DB4E6832
:10B01000B1F802B003FB0BF406EB840402FB0BFC5B
:10B0200006EB8C0C002608E0BCEC011AD4ED000AFB
:10B0300040EE410AE4EC010A761C5E45F4DB5B1C41
:10B040009342C1D3531C3BE04688D0F804C006FBB2
:10B0500003840CEB840494ED000AA6EB080B03FBBD
:10B0600006F40CEB840404EB880456430CEB8606D0
:10B0700006EB880C002608E0BCEC011AD4ED000AAF
:10B0800040EE410AE4EC010A761C5E45F4DB4E68B2
:10B09000B1F802B003FB0BF406EB840402FB0BFCDB
:10B0A00006EB8C0C002608E0BCEC011AD4ED000A7B
:10B0B00040EE410AE4EC010A761C5E45F4DB5B1CC1
:10B0C000AB42C1D308F10108C845FFF4F3AE00223A
:10B0D000012F18D0B5EEC00AF1EE10FA13D1416875
:10B0E000002005FB09F509E001EB800393ED000A60
:10B0F000B5EEC00AF1EE10FA02D1401C8542F3D839
:10B10000854200D15246104634E70000000000009E
:10B110002DE9F04F4768D1F80490D2F804A0B0F8B8
:10B1200000C04D88B0F802B04FF00008DFED141AEF
:10B130000AEB88062C464868B0EE610A3B465A4640
:10B1400008E0F3EC010A90ED001A00EE810A00EB32
:10B150008500521E002AF4D1A6EC010A641E281BA9
:10B1600009EB8000002CE7D1A84407EB8B07ACF17A
:10B17000010CBCF1000FDBD10020BDE8F08F000016
:10B180000000000010B544684B6852680188408890
:10B19000414308E0B4EC010AF3EC010A30EE600A26
:10B1A000A2EC010A491E0029F4D1002010BDF0B51F
:10B1B00042684E68058847882B46002406EB8401C8
:10B1C000384606E0B2EC010A81ED000A01EB850188
:10B1D000401E0028F6D1641C5B1E002BEED1F0BD92
:10B1E0002DE9F74F82B005460E46002447E005EBF7
:10B1F0000417012097ED000A00EB840005EB80089E
:10B2000020EE000A0190D8ED000A022000EB84092C
:10B2100000EEA00A05EB890A0320DAED000A00EB34
:10B22000840B05EB8B0000EEA00A0090D0ED000A25
:10B2300000EEA00AFFF768FCD7ED000A06EB041049
:10B2400080EE801A80ED001AD8ED000A019880EE99
:10B25000801A06EB800080ED001ADAED000A06EB9A
:10B26000890080EE801A80ED001A0098D0ED000A67
:10B2700006EB8B0080EE801A80ED001A641C0498A7
:10B280008442B4D305B0BDE8F08F0000DFED1D0AA5
:10B2900020EE200AFDEEC00A10EE900AB5EEC00ABC
:10B2A000F1EE10FA00D2401E00EE900AF8EEE00A2D
:10B2B00030EE600ADFED140A20EE200ABCEEC01A60
:10B2C00011EE100A80B2B0F5007F02D3002030EEFC
:10B2D000600A00EE900AF8EE600A70EE600A0B4910
:10B2E00001EB800292ED000A401C01EB800090ED22
:10B2F000001AF7EE001A71EEE01A21EE800A00EE55
:10B30000810A704783F9223E00000044D4E200081D
:10B3100010B504461E21201DF5F7B1F89FED040A73
:10B3200084ED1F0A0020208084ED200A10BD00005B
:10B330000000000070B504462DED028BB0EE408A8F
:10B340000D461E2D00D91E2500EE905A94ED201AB0
:10B35000F8EE600AB4EE601AF1EE10FA08D020465A
:10B36000FFF7D6FF00EE905AF8EE600AC4ED200A0F
:10B37000B4F9000000EE905A04EB8000F8EE601A79
:10B3800090ED011AC1EE210A94ED1F1A71EE600AC8
:10B39000C4ED1F0A80ED018A00EE105A2088F8EEF5
:10B3A000400A88EE200AD4ED1F0A30EE200A84ED10
:10B3B0001F0A401C00B290FBF5F105FB1100208034
:10B3C000BDEC028B70BD00002DE9F0410024F5F7C3
:10B3D00043FB8020F5F74AFC5520F5F747FC552044
:10B3E000F5F744FCF5F730FB9620F5F75CFBF5F735
:10B3F00033FB8020F5F73AFC5520F5F737FC552054
:10B40000F5F734FCF5F720FB9620F5F74CFBF5F744
:10B4100023FBB6217E20F5F739FCF5F715FB50200C
:10B42000F5F735FBF5F718FB8020F5F71FFC5520E5
:10B43000F5F71CFC5520F5F719FCF5F705FB9620F0
:10B44000F5F731FBF5F708FB8020F5F70FFC5520E9
:10B45000F5F70CFC5520F5F709FC0546F5F7F4FA6D
:10B460009620F5F720FB1E2D02D0FF20BDE8F081CD
:10B47000174FF5F7F1FA04EB4405EE19785D717892
:10B48000F5F704FCF5F7E0FA9620F5F70CFBF5F775
:10B49000E3FA785D40F08000F5F7E8FB5520F5F71A
:10B4A000E5FB5520F5F7E2FB0546F5F7CDFA9620CA
:10B4B000F5F7F9FA7078A84204D004EB4400384458
:10B4C0008078D3E7641CE4B2062CD2D30020CDE709
:10B4D00014020020F8B5002400200090F5F7CEFA01
:10B4E00069460020F5F7B6FBF5F7C0FA9620F5F7A8
:10B4F000DAFAF5F7C3FA69460020F5F7ABFBF5F782
:10B50000B5FA9620F5F7CFFAF5F7B8FAB621142078
:10B51000F5F7BCFBF5F7AAFA5020F5F7B8FAF5F7FE
:10B52000ADFA69460020F5F795FBF5F79FFA9620EE
:10B53000F5F7B9FAF5F7A2FA69460020F5F78AFBA4
:10B54000F5F794FA9620F5F7AEFA9DF800000F286B
:10B5500001D0FF20F8BD154FF5F790FA04EB440534
:10B56000EE19785D7178F5F791FBF5F77FFA962083
:10B57000F5F799FAF5F782FA785D6946F5F76AFB0F
:10B58000F5F774FA9620F5F78EFA70789DF80010AA
:10B59000884204D004EB440038448078F8BD641C31
:10B5A000E4B2062CD8D30020F8BD0000260200200B
:10B5B00010B5F8F7C3FB4FF08041496A00EB400239
:10B5C000C2EBC01001EBC0000149086010BD0000D3
:10B5D0003802002015480168154891F82D200270A6
:10B5E000498CA0F801104FF49671A0F805104FF6A1
:10B5F000D461A0F80310C17921F00201C1710D4A94
:10B600001278012A0ED041F00101C1710848016889
:10B6100081604168C16000F1080240F222210648C1
:10B62000F5F762BC41F00101C171EFE7700A00203B
:10B63000CB0000204C0A0020C00B002070B5034650
:10B6400018480A6802608A88828089798171044674
:10B65000996820880880144DB4F904006E42FBEE0E
:10B66000000AB3EE000A2A46314600F09FFA9868B5
:10B6700080ED020AB4F90200DFED0C0AB3EE090A0C
:10B680002A46314600F092FA986880ED010AA079C6
:10B69000996800F001000873054900204968888016
:10B6A00070BD0000C40000200083FFFF0000000008
:10B6B0004C0A002070B504464FF47A7502E0284623
:10B6C00000F004F8641E601CF9D170BD70B5054629
:10B6D00000F086FB044600F083FB001BA842FAD36F
:10B6E00070BD31EE601A0121814070EE600A491E82
:10B6F00000EE101AB8EEC00A20EE800AC0EE010A71
:10B70000BCEEE00A10EE100A80B270474179491C85
:10B71000C9B241718279914203D94271012101700C
:10B72000704701780129FBD10021017070470000AA
:10B730002DE9FF410446F8F701FB012684F8286053
:10B74000F5F7BCF984F82B00274D03271DE094F88A
:10B750002A00401CC0B284F82A00297888420ED101
:10B7600086F31388BFF34F8F20480168204A01F405
:10B77000E06111430160BFF34F8F00BFFDE784F824
:10B780002970F5F79BF984F82B0094F82B0000281A
:10B79000DDD1002584F82850206880F85C601548C9
:10B7A00001F0D8FA00950195029503956846FCF7DB
:10B7B0000DFAF7EE001A9FED101ADFED100AB2EE47
:10B7C000040A6846FBF778FD052084F8290006483E
:10B7D0009FED0B0A5030006880ED140A80ED150AC9
:10B7E00080ED160ABDE8FF81800200200CED00E02C
:10B7F0000400FA05F40000200024F44A6F12833A92
:10B8000000000000704700002DE9F04705462DEDCF
:10B81000028B82B02C68D949D74AA1F10C00F5F708
:10B8200059F9D64F97ED000A84ED000A97ED010A09
:10B8300084ED010A97ED020A84ED020AA7F10C08D3
:10B8400098ED000A84ED030AD8ED010AC4ED040A5C
:10B8500098ED021A84ED051AC7481C38011FCDE97E
:10B8600000100B1FD7ED022A97ED012AD7ED001A21
:10B870001A1F0C391438FFF715F8BF4E95F8290038
:10B88000403E4FF000094FF0010A05284BD094EDDF
:10B89000160AD6ED060A30EE200A86ED060AB7EE45
:10B8A000001AD6ED040A96ED0A0AFCF79FFD86ED14
:10B8B0000A0AB7EE001AD6ED050A96ED0B0AFCF758
:10B8C00095FD86ED0B0AB7EE001AD6ED060A96ED49
:10B8D0000C0AFCF78BFD86ED0C0A9FEDA91AD6ED3C
:10B8E000070A96ED0D0AFCF781FD86ED0D0A9FED26
:10B8F000A58AD6ED080A96ED0E0AB0EE481AFCF7B6
:10B9000075FD86ED0E0AB0EE481AD6ED090A96EDE1
:10B910000F0AFCF76BFD86ED0F0A00F061FAB064C8
:10B92000F16CE9B35DE0B6F90200B0F5FA6F1CDA2C
:10B93000D4ED140A96ED041A9FED930A41EE400AE5
:10B94000C4ED140AD4ED150A96ED051A41EE400A2D
:10B95000C4ED150AD4ED160A96ED061A41EE400A1A
:10B96000C4ED160A401C708099E7A6F8029085F88D
:10B97000299094ED140AB5EEC00AF1EE10FA01DC3C
:10B98000B1EE400A10EE100A8049DFED810A8842CC
:10B9900001DDC4ED140A94ED150AB5EEC00A00E00D
:10B9A0001CE0F1EE10FA01DCB1EE400A10EE100AD4
:10B9B000884201DDC4ED150A94ED160AB5EEC00A01
:10B9C000F1EE10FA01DCB1EE400A10EE100A8842E6
:10B9D00001DDC4ED160A85F82CA060E7A0F57A71A8
:10B9E000F164F16C411A00EE101AB8EE400ADFED76
:10B9F000690A20EE200A86ED110AF06410EE100AA2
:10BA0000B0F17E5F03DD9FED640A86ED110A96EDCD
:10BA1000113AD6ED092A96ED082AD6ED071A96EDC9
:10BA2000061AD6ED050A96ED040AFBF725FD5B48DC
:10BA300090ED6A1A84ED091A90ED690A84ED0A0AFC
:10BA4000D0ED680AC4ED0B0AD0ED6B1AC4ED0C1AE8
:10BA500086ED010AC6ED020A86ED031A04F1200202
:10BA6000111F081FD6ED0F2A96ED0E2AD6ED0D1ADE
:10BA7000F5F716F9F06AF4F7EEFD9FED498B53ECFC
:10BA8000182BF4F779FDF4F7F9FD00EE100A84EDB8
:10BA90000E0A03214448FFF74DFC84ED110AB06AF9
:10BAA000F4F7D9FD53EC182BF4F766FDF4F7E6FD37
:10BAB00000EE100A84ED0F0A3B4803218430FFF7A3
:10BAC00039FC84ED120A306BF4F7C5FD53EC182BEA
:10BAD000F4F752FDF4F7D2FD00EE100A84ED0D0AE2
:10BAE000264803219038FFF725FC84ED100A85F8DD
:10BAF0002D9097ED000AB5EEC00AF1EE10FA32D1A2
:10BB000097ED010AB5EEC00AF1EE10FA2BD197EDD0
:10BB1000020AB5EEC00AF1EE10FA24D198ED000A3F
:10BB2000B5EEC00AF1EE10FA1DD198ED010AB5EE9E
:10BB3000C00AF1EE10FA16D198ED020AB5EEC00A6D
:10BB4000F1EE10FA0FD195F82A00401CC0B285F82A
:10BB50002A00642807D305F828AF04206870A87964
:10BB600068716420A87096ED100A84ED130A02B083
:10BB7000BDEC028BBDE8F087C0020020B860002059
:10BB8000CDCC4C3FCDCC4C3E6F12033A0AD7A33BF1
:10BB900000000000BD3786356F12833A505C0020EC
:10BBA000514CDE0033DF913F205F0020891A0029CD
:10BBB00011D0801A01EE100AF8EEC11A01EE101A27
:10BBC000B8EEC12A81EE821A70EE601AB0EE600AF9
:10BBD00001EE210A704730EE200AF6EE000A20EE50
:10BBE000200A704770B50446002C2BD0164E2078E2
:10BBF000316808703168A52824D1D4F80100C1F853
:10BC0000020005212046FEF7C7FE01281AD1306840
:10BC10004088093085B229462046FEF79DFE01285E
:10BC200005D1B4F80500B080E11D00F00FF83068D0
:10BC30004188E01D08440088F080605DA52801D19E
:10BC40002C44D1E770BD0000DC00002070B52E4C04
:10BC50000246A0F2062340F2062600252068B242E2
:10BC600024D015DC012A22D0032A3DD0A2F500728F
:10BC7000013A25D0012A19D125301022F4F7E6FB2C
:10BC8000A0688580A0688570BDE87040FFF7A2BC01
:10BC90001D4A012B92681CD0022B2ED0032B05D1FC
:10BCA00009680160A0688580A068857070BD0A88F9
:10BCB000028189788172A0688580A068857070BDD6
:10BCC00018300F22F4F7C2FBA0688580A068857049
:10BCD00070BD0B6840F8353F8B888380897981710E
:10BCE0009580A068857070BD4E302022F4F7AEFBC1
:10BCF000A0688580A068857070BD0988A0F86E1066
:10BD00009580A068857070BD700A002000684FF4AF
:10BD1000FA7120F8361F018101824FF4E16202833B
:10BD20000184018502860287A0F84020A0F848100F
:10BD3000A0F85010A0F85810A0F86010A0F86810F3
:10BD4000A0F87010A0F87810A0F8801040F2DC5134
:10BD5000A0F88810704700001F480168890312D4BA
:10BD6000BFF34F8FBFF36F8F1C4A00211160BFF3E9
:10BD70004F8FBFF36F8F016841F400310160BFF353
:10BD80004F8FBFF36F8FF7F7E7FFFDF713FCFDF75A
:10BD9000C6F8FCF739FCFCF72FFBFCF715FDFCF7A8
:10BDA00061FBFCF741FDFCF76FFDFCF749FEFCF77A
:10BDB0008DFBFCF7BFFBFCF70FFEFCF7A1FDFCF7CA
:10BDC000D7FDF5F7C1F8F5F7E9FB00F029F8FCF726
:10BDD000E7FB00F039F8FEE714ED00E050EF00E07B
:10BDE00010B5F7F7ABFF4FF08041496A00EB400216
:10BDF000C2EBC01001EBC0000149086010BD00009B
:10BE0000B000002010B5EFF30581002902D06FF0DB
:10BE1000050403E0002408B101F0DEF9204610BD5E
:10BE2000EFF30580002802D06FF005007047054849
:10BE3000016811B14FF0FF3070470121016000200F
:10BE4000704700007C00002010B5EFF3058000284B
:10BE500002D06FF0050010BD07480168012902D02B
:10BE60004FF0FF3010BD054A002111700221016022
:10BE700001F020FA002010BD7C0000201FED00E042
:10BE80002DE9FF470B464FF00008CDF80C80EFF38B
:10BE9000058199BB90B3802618240025691E72B3D2
:10BEA000176807B13D46976907B13C46671E382FB2
:10BEB00002D21779FF0703D0002004B0BDE8F08755
:10BEC000576907B1BE08D2F808C0BCF1000F0CD00A
:10BED000D2F80C90B9F15C0F07D3D2F81090B9F1F9
:10BEE000000F02D00FB101210BE0BCF1000F08D10F
:10BEF000D76837B9176927B9002102E01BE0FFE7CF
:10BF00000021012901D059B115E09168126902910F
:10BF1000CDE900423246294601F07CFD03900AE05B
:10BF200003A9CDE90041B2B2294601F041FD012843
:10BF300001D0CDF80C800398BFE790ED000AD0ED5A
:10BF4000010A30EE600A80ED020A70472DE9F041E7
:10BF500004460F46134EF5683068001D01F006F8E0
:10BF6000601C07D137B13168BDE8F041091D0E48AA
:10BF700001F04CB82C4430684460AC4206D23168C1
:10BF8000B06B091DBDE8F04101F028B83168706B55
:10BF9000091D01F023F8B06A844200D2B462BDE802
:10BFA000F08100002C000020A017002070B504468E
:10BFB00001F038F81C4DA868401CA860286810B132
:10BFC000686938B10CE02C60A868012808D100F03D
:10BFD00099F905E02868E16AC06A884200D82C60B7
:10BFE000686A401C68626064E06A2969884200D916
:10BFF00028610E4900EB800001EB8000211D01F05B
:10C0000005F801F02FF8686900280CD02868E16A6B
:10C01000C06A884207D206494FF080500860BFF3DB
:10C020004F8FBFF36F8F70BD2C000020F0120020E7
:10C0300004ED00E038B500F0F5FF104C2068C8B9F9
:10C040000F4800F0BDFF0E48143000F0B9FF0C4857
:10C05000E060143020610A4B0020F03B009003F1B7
:10C06000500210210A2001F039FA206010B105A118
:10C0700001F07CF8BDE8384000F0F4BF6800002013
:10C08000A4180020546D72510000000070B50C4DD2
:10C090000C4E11E000F0C6FFF068C468201D00F0EF
:10C0A00065FFA868401EA8606868401E686000F0D0
:10C0B000D9FF204600F053F868680028EAD170BD27
:10C0C0002C0000208C17002030B40B46026C002A94
:10C0D0000CD0C1681144C1608468A14201D30168D9
:10C0E000C160C16830BC1846F4F7B0B930BC7047C5
:10C0F0002DE9F041044617460026A56B226C002A64
:10C1000010D0C7B1E068F4F7A1F9E168206C091A12
:10C11000E1602268914202D2A168081AE060022F11
:10C1200016D017E02068A8B9A06801F01BFD0646EC
:10C130000020A0600EE06068F4F788F9216C606868
:10C1400008446060A168884204D32068606001E010
:10C1500005B16D1E6D1CA5633046BDE8F08110B5BC
:10C16000044694F8590000280BD0012811D0022869
:10C1700014D0502080F31188BFF34F8FBFF36F8F1F
:10C18000FEE7206B00F084FF2046BDE8104000F081
:10C190007FBF2046BDE8104000F07ABF10BD000010
:10C1A0000749CA681168002904D00021016019B14B
:10C1B000002070470121F9E7D0680068704700004F
:10C1C000680000204FF470510F48420706D0C01D90
:10C1D00020F007000C49411AC1F570510B4A10605C
:10C1E000002353600144083921F00701183A116017
:10C1F0004B600B600B1A43600160406890605060B8
:10C200004FF0004050617047841F002098000020CC
:10C21000074E4FF08054074DFFF738FF3068012874
:10C22000FAD92C60BFF34F8FBFF36F8FF4E7000094
:10C23000F012002004ED00E070B51D46049C0029BA
:10C2400009D02260E06321640121204601F07CF9DD
:10C2500084F84C5070BD2460F4E72DE9F05F82460D
:10C26000DDE90A590C9C0E4617469B46B900A522EB
:10C27000206BF4F7FDF8206B7F1E00EB870020F0A9
:10C280000707780707D0502080F31188BFF34F8F3E
:10C29000BFF36F8FFEE74FF0000866B10020221851
:10C2A000315C82F83410315C11B1401C1028F6D397
:10C2B00084F8438001E084F83480382D00D337259A
:10C2C000E562E564C4F85080201D00F084FE04F1AE
:10C2D000180000F080FE2461C5F13800A06164629E
:10C2E000C4F8548084F858805A465146384600F0C5
:10C2F000A7FA2060B9F1000F01D0C9F80040BDE8ED
:10C30000F09F000070B50024114D04EB840005EB94
:10C31000800000F055FE641C382CF6D30D4800F068
:10C320004FFE0C48143000F04BFE0A48283000F055
:10C3300047FE08483C3000F043FE0648503000F00D
:10C340003FFE0548034941631431816370BD00001D
:10C35000F0120020501700202C00002030B51349A7
:10C3600000E011460A688242FBD34B685C188442A5
:10C3700003D140681844486008460D684468231893
:10C38000AB420DD1094B183B1B689A4206D052684C
:10C39000224442600A681268026002E0036000E022
:10C3A0000260814200D0086030BD0000980000208B
:10C3B00070B50024416000610C4D91420AD8D11A39
:10C3C0008269914201D301240EE0011D286900F029
:10C3D00005FE09E09A4203D2994201D3012403E009
:10C3E000011DE86800F0FAFD204670BD68000020DD
:10C3F00010B5044600F016FEA06B20B1002400F03A
:10C4000031FE204610BD0124F9E710B5044600F0C6
:10C4100009FEA06BE16B884201D1012400E00024F9
:10C4200000F020FE204610BDF8B505460E46174820
:10C43000C068C068C468201D00F098FD94F828000A
:10C44000410718D5A0692B46411932462046FFF70F
:10C45000AFFFA0B100200346014600902A462046C7
:10C4600001F092FC58B9502080F31188BFF34F8F30
:10C47000BFF36F8FFEE720F0010084F82800216AE7
:10C4800001B02046BDE8F0400847000068000020E9
:10C4900030B587B03C4D6EE00398002803DADDE943
:10C4A0000420069990470398002864DB059C606986
:10C4B00010B1201D00F05AFD02A800F0AFF80246AE
:10C4C00003980A2857D2DFE800F00505052D334A06
:10C4D00005052D3394F8280040F0010084F8280069
:10C4E0000498A169034601442046FFF761FF68B341
:10C4F000216A2046884794F8280040073BD5002051
:10C5000000900498A169002342181946204601F0C2
:10C510003BFCD8B9502080F31188BFF34F8FBFF395
:10C520006F8FFEE714F8280F20F00100207022E042
:10C5300094F8280040F0010084F828000498A061D5
:10C5400028B1811813462046FFF732FF13E0502030
:10C5500080F31188BFF34F8FBFF36F8FFEE794F81E
:10C560002800810703D4204600F092FD03E020F06C
:10C57000010084F82800002203A9286801F03CF992
:10C58000002889D107B030BD68000020F8B5064604
:10C590000D4600F0D7FE684600F040F804460098CB
:10C5A00010B101F059FBF8BD45B9A64206D801F01B
:10C5B00053FB21463046FFF737FFF8BD0C481DB14D
:10C5C0000169096891B10025311B2A46006800F015
:10C5D000DFFD01F041FB0028EFD106494FF080500C
:10C5E0000860BFF34F8FBFF36F8FF8BD0125EBE7F6
:10C5F0006800002004ED00E00748416B096800294D
:10C6000005D0416BC968C9684968816270474FF0BD
:10C61000FF318162704700002C00002070B5054694
:10C6200001F034FA0446074EB068844204D200F0A8
:10C630000BF80120286001E000202860B46020464B
:10C6400070BD000068000020F8B51A4E20E0C068F8
:10C650000568C468201D00F089FC216A20468847CF
:10C6600094F82800400713D5A0692844A84206D9A9
:10C6700060602461211DF06800F0B0FC08E000203B
:10C680000346014600902A46204601F07DFB40B15A
:10C69000F06801680029DAD1F0683169F160306131
:10C6A000F8BD502080F31188BFF34F8FBFF36F8F19
:10C6B000FEE700006800002009484068401C07D0E1
:10C6C000502080F31188BFF34F8FBFF36F8FFEE7C9
:10C6D000502080F31188BFF34F8FBFF36F8FFEE7B9
:10C6E000A000002008B56846FFF75AFD0099FFF743
:10C6F0004DFFFFF7CDFEF6E72DE9F041044600F0CF
:10C7000091FC94F9455004F1240609E0606A48B1AF
:10C71000304601F065FA08B100F08EFD6D1E6DB275
:10C72000002DF3DC4FF0FF3684F8456000F09AFCF2
:10C7300000F078FC94F9445004F1100709E02069F6
:10C7400048B1384601F04CFA08B100F075FD6D1E95
:10C750006DB2002DF3DC84F84460BDE8F04100F0D8
:10C7600081BC00002DE9F0410546002600F0EAFDFD
:10C77000324F386808B9FFF725FD786905424DD179
:10C780008DB1083568070ED005F00700C0F108002C
:10C790000544680707D0502080F31188BFF34F8FFE
:10C7A000BFF36F8FFEE7CDB37868854236D8234953
:10C7B00018310846046801E0214604466068A84232
:10C7C00002D220680028F7D13868844226D00E684B
:10C7D0000836206808606068411B10290ED960196E
:10C7E000420707D0502080F31188BFF34F8FBFF36B
:10C7F0006F8FFEE741606560FFF7B0FD61687868A4
:10C80000401A7860BA68904200D2B86078690143F3
:10C81000616000202060F868401CF86001F01CFA9C
:10C82000700707D0502080F31188BFF34F8FBFF3FC
:10C830006F8FFEE73046BDE8F081000080000020E9
:10C8400024384FF08073036221F00101C161044973
:10C85000816142606FF0020140F8201970470000CA
:10C86000B9C6000830B5294B59880A2901D10021E1
:10C870005980274DB3F9021035F9112000EE102A26
:10C880000268F8EEC00AB2EE040A80EE801AD2ED19
:10C89000090A70EEC10AC2ED090A05F1140434F95F
:10C8A000112000EE902A0268F8EEE00A80EE801A6D
:10C8B000D2ED0A0A70EEC10AC2ED0A0A0268B2F9A4
:10C8C0001C2025F811200568ED8B24F8115000EE8E
:10C8D000902A0268B8EEE01AC1EE000A92ED091A39
:10C8E00070EE810AC2ED090A34F91120006800EEE9
:10C8F000902AF8EEE00A80EE801A90ED0A0A31EEF6
:10C90000000A80ED0A0A491C598030BDB40000209D
:10C91000145C002070B50168B1F91230002B00DC06
:10C920005B42B1F91420002A01DD144600E05442B4
:10C930003B4EA3420CDAB6F90030002B00DC5B4220
:10C94000002A01DD144600E05442A34200DA32809E
:10C950000A320025142A27D832882AB3002231F956
:10C960001230002B0BDDB6F90040002C07DDA3428E
:10C9700005DC8B189C7D14B300249C75358031F93F
:10C980001230002B0BDAB6F90040002C07DAA34274
:10C9900005DB8B189C7DA4B100249C753580521C4E
:10C9A000D2B2042ADBD335808A8A4A821C4B8A7D24
:10C9B0009B1C1C78A24206D001248C7604E0012442
:10C9C000DBE70124E9E78D761A70B1F908204FF40E
:10C9D000A56302F525729A4211D8B1F90A2002F531
:10C9E00025729A420BD8B1F90C2002F525729A42B1
:10C9F00005D8B1F90E2002F525729A420ED903220C
:10CA000042760D814D818D81CD810A744A748D826B
:10CA10004D828D75CD754D760D7670BD457670BDA8
:10CA200000030020016831F8C22F521C13B20B80A2
:10CA3000B1F90220C239934204DDA1F8C2200121DC
:10CA400001767047017E0129FBD1002101767047F4
:10CA500070B504462068C2304188491C0180012518
:10CA600025762046FCF7A4FB2046FFF74FF9A07E71
:10CA7000022801D0657670BD0020607670BD000090
:10CA800010B500680A784B7842EA0322C2F30A0222
:10CA9000A2F5806202814A788B78D20842EA43127A
:10CAA000C2F30A02A2F5806242818A78CB789209A9
:10CAB00042EA83020B7942EA8322C2F30A02A2F518
:10CAC000806282810A794B79520842EAC312C2F32A
:10CAD0000A02A2F58062C2810A7C4B7C42EA0322F0
:10CAE000C2F30A02A2F5806282824A799209027434
:10CAF0004A79C2F3011242748A79CB7942EA03225D
:10CB000082830A7A4B7A42EA0322C2838A7ACB7AF8
:10CB100042EA032202840A7B02F0010280F83020FC
:10CB20004A7B02F0010280F838208A7BC97B42EA06
:10CB30000121A0F8C0102B490A7802F0010200F888
:10CB4000482F0A78C2F3400280F820200A78C2F306
:10CB5000800202760A78C2F3C00280F828200A78A0
:10CB6000C2F3001280F868200A78C2F3401280F8FD
:10CB700070200A78C2F3801200F8082C0A78C2F3F9
:10CB8000C01202720A88C2F3002202740A88C2F339
:10CB9000402280F830200A88C2F3802280F83820B2
:10CBA0000A88C2F3C02280F840200A88C2F300320B
:10CBB00080F848200A88C2F3403280F850200A8862
:10CBC000C2F3803280F858200988C90B80F86010C1
:10CBD000054CA0686060FFF703F9A0606168401A27
:10CBE000E06010BDC4030020B4000020C0680168EC
:10CBF000491C01604268914203D90260012101721F
:10CC00007047017A0129FBD100210172704770B58C
:10CC100005460E466C683046F4F753F920822846E4
:10CC2000F4F786FD2846F4F7AFFD3046F4F74EF9E9
:10CC300060812846FCF768FB84ED030A3046F4F770
:10CC40004BF920812846FCF79FFB3046F4F74AF960
:10CC500084F82800E9680020086070BD90ED0C0A97
:10CC6000D0ED020A30EE200A80ED0C0A90ED0D1A8C
:10CC7000B4EEC10AF1EE10FA02DDB0EE410A08E0AE
:10CC8000B1EE411AB4EEC10AF1EE10FA01D2B0EEE3
:10CC9000410A80ED0C0A90ED041A21EE201A80ED75
:10CCA000071AD0ED051A61EE801AC0ED081A90ED52
:10CCB000030A90ED062A30EEC00A20EE020A90ED3B
:10CCC0000F2AF7EE002A22EE000A32EEC22AD0ED39
:10CCD0000A2A02EE220A80ED090A31EE211A31EE0B
:10CCE000000A80ED0B0A90ED0E1AB4EEC10AF1EEC7
:10CCF00010FA02DDB0EE410A08E0B1EE411AB4EEDE
:10CD0000C10AF1EE10FA01D2B0EE410A80ED0B0A31
:10CD1000C0ED030A704710B500EE100A2DED028B2E
:10CD2000B1EEC08A18EE100A20F00040C0F1FF40BA
:10CD3000C00F0AD010EE100A20F00040C0F1FF40F2
:10CD4000C00F04BF0120FDF717FF18EE100ABDEC5D
:10CD5000028B10BD10B504462DED068B2068F3F74D
:10CD60007AFC9FED758B53EC182BF3F793FBF3F7DD
:10CD700085FC09EE100A6068F3F76DFC53EC182B84
:10CD8000F3F788FBF3F77AFC09EE900AA068F3F753
:10CD900062FC53EC182BF3F77DFBF3F76FFC08EE06
:10CDA000100AB0EE490AFEF701F8F0EE408AB0EE44
:10CDB000690AFDF7FBFF28EE800A84ED030AB0EE56
:10CDC000490AFDF7F3FFF0EE408AB0EE690AFEF77C
:10CDD0005DFA68EE808AB0EE480AFEF757FA68EE10
:10CDE000808AB0EE490AFEF751FAB0EE40AAB0EEE2
:10CDF000480AFDF7DBFF4AEE408AC4ED048AB0EE34
:10CE0000490AFDF7D3FFF0EE408AB0EE690AFEF75B
:10CE10003DFA68EE808AB0EE480AFDF7C7FF28EEBB
:10CE200080AAB0EE490AFEF731FAF0EE408AB0EE81
:10CE3000480AFEF72BFA08EE80AA84ED05AAB0EEA8
:10CE4000490AFEF723FAF0EE408AB0EE690AFDF7D0
:10CE5000ADFF28EE800A84ED060AB0EE490AFEF71F
:10CE600015FAF0EE408AB0EE690AFEF70FFA68EEA6
:10CE7000808AB0EE480AFEF709FA68EE808AB0EEC2
:10CE8000490AFDF793FFB0EE40AAB0EE480AFDF75D
:10CE90008DFF4AEE008AC4ED078AB0EE490AFEF71C
:10CEA000F5F9F0EE408AB0EE690AFEF7EFF968EEA8
:10CEB000808AB0EE480AFDF779FF68EE808AB0EE0E
:10CEC000490AFDF773FFB0EE409AB0EE480AFEF74C
:10CED000DDF949EE408AC4ED088AB0EE690AFEF732
:10CEE000D5F9B1EE400A84ED090AB0EE690AFDF702
:10CEF0005DFFF0EE408AB0EE480AFEF7C7F928EE73
:10CF0000800A84ED0A0AB0EE690AFDF74FFFF0EEE1
:10CF1000408AB0EE480AFDF749FF28EE800A84ED0A
:10CF20000B0A04F10C03BDEC068B03221146BDE88D
:10CF300010400348FDF793BF514CDE0033DF913FB3
:10CF40006401002070EEC00A01EE100A0120884042
:10CF5000B8EE411A401E21EE201A00EE900AF8EEBB
:10CF6000E01AC1EE210A30EE800A70470169D0E96B
:10CF700001329A60D0E901235A604A68824201D1A5
:10CF800082684A60002202610868401E08600868E2
:10CF900070470000034B036003F15C0008608020D1
:10CFA00010607047CC180020044B036003F15C0054
:10CFB00008604FF48070106070470000281B00204C
:10CFC00000F1080141604FF0FF328260C1600161F1
:10CFD00000210160704700210161704730B50C6885
:10CFE000621C02D000F1080202E0026904E01A4665
:10CFF00053681D68A542FAD953684B6099608A60EE
:10D00000516008610168491C016030BD42684A6096
:10D0100093688B6093685960916008610168491C4E
:10D0200001607047502080F31188BFF34F8FBFF32A
:10D030006F8F0A494868401C486001280CD1084895
:10D04000006810F0FF0F07D0502080F31188BFF365
:10D050004F8FBFF36F8FFEE770470000A0000020E6
:10D0600004ED00E009494868002806D0401E4860E9
:10D07000002801D180F311887047502080F3118877
:10D08000BFF34F8FBFF36F8FFEE70000A0000020BB
:10D0900070B500282AD008380446154D60686969C3
:10D0A000084207D1502080F31188BFF34F8FBFF3A0
:10D0B0006F8FFEE722683AB1502080F31188BFF3EA
:10D0C0004F8FBFF36F8FFEE78843606000F03AF93F
:10D0D00060686968084468602046FFF73FF928697E
:10D0E000401C2861BDE8704000F0B6BD70BD000076
:10D0F000800000204FF0E02000210161816105499E
:10D100004FF47A720968B1FBF2F1491E41610721BF
:10D11000016170472400002010B5F3F73DF9114973
:10D1200010280ED300F1E02090F8F0030A78904226
:10D1300007D2502080F31188BFF34F8FBFF36F8F5A
:10D14000FEE709480068896800F4E060884207D972
:10D15000502080F31188BFF34F8FBFF36F8FFEE72E
:10D1600010BD0000A00000200CED00E010B5002272
:10D17000064B53F832401CB1521C082AF9D310BD9B
:10D1800043F8321003EBC201486010BDB01200201A
:10D1900070B504460D461646FFF744FF94F9443037
:10D1A0004FF000005B1C01D184F8440094F9451055
:10D1B000491C01D184F84500FFF754FFA06B28B942
:10D1C0003246294604F1240000F056F82046BDE816
:10D1D0007040FFF791BA000010B502460020002A07
:10D1E00012D00F48006B38B1502080F31188BFF384
:10D1F0004F8FBFF36F8FFEE700F0A4F800211046B9
:10D20000FEF7A4FE00F028FD002807D105494FF0E5
:10D2100080500860BFF34F8FBFF36F8F10BD0000C9
:10D220002C00002004ED00E002490A6A0260C9688F
:10D23000416070472C00002001490120C8617047FF
:10D240002C00002010B50C4600280AD009490968B6
:10D250001831FFF7C3FE2046BDE810400121FEF75C
:10D2600075BE502080F31188BFF34F8FBFF36F8FCF
:10D27000FEE700002C00002070B50D461446002883
:10D280000DD00B4909681831FFF7C0FE0CB14FF003
:10D29000FF3521462846BDE87040FEF757BE5020B6
:10D2A00080F31188BFF34F8FBFF36F8FFEE700004D
:10D2B0002C00002030B587B000250695059504AAFE
:10D2C00005A906A8FFF766FEDDE90510CDE90051C6
:10D2D0000290002317A11948049A00F09BFB184CF8
:10D2E000E06208B1012000E00020012801D100F037
:10D2F00017FD012809D0401C19D1502080F3118856
:10D30000BFF34F8FBFF36F8FFEE7502080F311887C
:10D31000BFF34F8FBFF36F8F4FF0FF30A06201203C
:10D320006061E56007B0BDE8304000F047B807B085
:10D3300030BD000049444C450000000011C2000807
:10D340002C0000200248016B491C0163704700005B
:10D350002C00002010B5174B186B002802D00120BC
:10D36000D86110BD0020D8611869134901E0C0B12F
:10D37000401E00EB800251F82220002AF7D000EB7B
:10D38000800201EB82014A6852684A6001F1080498
:10D39000A24201D152684A604968C968196018619F
:10D3A00010BD502080F31188BFF34F8FBFF36F8FF4
:10D3B000FEE700002C000020F01200201CB53748CA
:10D3C0000168374A914207D1502080F31188BFF39A
:10D3D0004F8FBFF36F8FFEE700683149491E8842C7
:10D3E00007D1502080F31188BFF34F8FBFF36F8FA9
:10D3F000FEE72C4908780190FF200870087800901B
:10D400009DF800009DF8002000F0F000904207D049
:10D41000502080F31188BFF34F8FBFF36F8FFEE76B
:10D420009DF80000204C00F0500020700720A06004
:10D4300006E0A068401EA0609DF80000400000903B
:10D440009DF800000006F4D4A068032807D05020FF
:10D4500080F31188BFF34F8FBFF36F8FFEE74FF458
:10D460004070A060019808700C482030016841F4B9
:10D4700070010160016841F070410160FFF73AFE00
:10D4800000206060F2F750FF0848016841F0404119
:10D490000160F2F735FF00201CBD000000ED00E048
:10D4A00071C20F4100E400E0A000002034EF00E072
:10D4B00010B5502080F31188BFF34F8FBFF36F8FEB
:10D4C00000F0EAFA18B104494FF0805008600020DB
:10D4D00080F3118810BD000004ED00E038B5049D14
:10D4E000002804D05BB102B189B1C2B120E0502064
:10D4F00080F31188BFF34F8FBFF36F8FFEE750208B
:10D5000080F31188BFF34F8FBFF36F8FFEE750207A
:10D5100080F31188BFF34F8FBFF36F8FFEE739B1F0
:10D52000502080F31188BFF34F8FBFF36F8FFEE75A
:10D53000502400941C46012384F846302B46009466
:10D54000FEF77AFE204638BD70B504460D46002C25
:10D5500025D0FFF767FDD4E90F20216802FB0011F9
:10D56000A1600021A16321686160E06B2268216CE9
:10D57000401E00FB0121E1604FF0FF3084F84400C1
:10D5800084F8450004F110008DB1FFF719FD04F196
:10D590002400FFF715FDFFF765FD012070BD502049
:10D5A00080F31188BFF34F8FBFF36F8FFEE72169C0
:10D5B0000029F0D000F014FB0028ECD004494FF013
:10D5C00080500860BFF34F8FBFF36F8FE3E7000019
:10D5D00004ED00E02DE9FF4782B004468A461E466E
:10D5E0000025002C03D0BAF1000F08D011E0502024
:10D5F00080F31188BFF34F8FBFF36F8FFEE7206C6E
:10D6000038B1502080F31188BFF34F8FBFF36F8F75
:10D61000FEE7022E0AD1E06B012807D0502080F3EC
:10D620001188BFF34F8FBFF36F8FFEE700F020FA32
:10D6300048B9049838B1502080F31188BFF34F8F58
:10D64000BFF36F8FFEE74FF000094FF08057DFF810
:10D65000E480FFF7E7FCA06BE16B884205D3022E64
:10D6600003D0049808B325B327E03246514620463C
:10D67000FEF73EFD616A59B104F1240000F0B0FAF2
:10D6800068B1C8F80070BFF34F8FBFF36F8F06E02B
:10D6900028B1C8F80070BFF34F8FBFF36F8FFFF74B
:10D6A000E1FC012006B0BDE8F087FFF7DBFC0020BD
:10D6B000F8E76846FFF7B8FD0125FFF7D3FCFFF751
:10D6C00041FEFFF7AFFC94F94400401C01D184F8FF
:10D6D000449094F94500401C01D184F84590FFF72F
:10D6E000C1FC04A9684600F025F930B12046FFF7D7
:10D6F00003F800F0B1FA0020D4E72046FEF785FEDB
:10D7000090B104F110000499FFF79CFD2046FEF74C
:10D71000F3FF00F0A1FA00289BD1C8F80070BFF316
:10D720004F8FBFF36F8F94E72046FEF7E5FF00F0C1
:10D7300093FA8EE704ED00E02DE9F04704468946B0
:10D7400090461F46002C03D0B9F1000F08D011E01D
:10D75000502080F31188BFF34F8FBFF36F8FFEE728
:10D76000206C38B1502080F31188BFF34F8FBFF386
:10D770006F8FFEE7022F0AD1E06B012807D05020FF
:10D7800080F31188BFF34F8FBFF36F8FFEE7FFF772
:10D79000C3FC5020EFF3118680F31188BFF34F8F45
:10D7A000BFF36F8FA06BE16B884206D3022F04D0CA
:10D7B000002086F31188BDE8F08794F94550A06BEE
:10D7C0003A4649462046FEF793FC681C04D06D1C7F
:10D7D00084F845500120ECE7606A0028FAD004F193
:10D7E000240000F0FDF90028F4D0B8F1000FF1D0CA
:10D7F0000120C8F80000EDE72DE9F74783B00446A3
:10D800008A460026002C03D0BAF1000F08D011E0A0
:10D81000502080F31188BFF34F8FBFF36F8FFEE767
:10D82000206C38B1502080F31188BFF34F8FBFF3C5
:10D830006F8FFEE700F01CF948B9059838B1502009
:10D8400080F31188BFF34F8FBFF36F8FFEE7002780
:10D850004FF08058DFF8D890FFF7E4FBA56BC5B117
:10D8600051462046FEF730FC6D1EA563206950B17D
:10D8700004F1100000F0B4F928B1C9F80080BFF33A
:10D880004F8FBFF36F8FFFF7EDFB012006B0BDE8B0
:10D89000F087059808B126B107E0FFF7E3FB002009
:10D8A000F4E701A8FFF7C0FC0126FFF7DBFBFFF759
:10D8B00049FDFFF7B7FB94F94400401C01D184F8FF
:10D8C000447094F94500401C01D184F84570FFF77D
:10D8D000C9FB05A901A800F02DF858B12046FEF7B4
:10D8E0000BFF00F0B9F92046FEF782FD0028B3D007
:10D8F0000020CBE72046FEF77BFD90B104F1240029
:10D900000599FFF79FFC2046FEF7F6FE00F0A4F90C
:10D910000028A1D1C9F80080BFF34F8FBFF36F8FEC
:10D920009AE72046FEF7E8FE00F096F994E700003B
:10D9300004ED00E02DE9F04105460C46002D11D024
:10D94000C4B1FFF76FFB194EF0686B68C11A22680B
:10D95000571C17D02F68366AB74215D0834213D8A8
:10D9600001241DE0502080F31188BFF34F8FBFF3D7
:10D970006F8FFEE7502080F31188BFF34F8FBFF306
:10D980006F8FFEE700240BE08A4206D9501A206010
:10D990002846FFF749FC002402E000202060012413
:10D9A000FFF760FB2046BDE8F08100002C0000205E
:10D9B0002DE9FF5F8146DDE90E788A4616469B46D3
:10D9C000B000FEF7CFFE054628000AD05C20FEF727
:10D9D000C9FE04460CB1256304E02846FFF758FB56
:10D9E00000E000249CB1002084F85900CDE90240F9
:10D9F000CDE900785B46324651464846FEF72DFC9D
:10DA00002046FEF7D3FA012004B0BDE8F09F4FF0A6
:10DA1000FF30F9E7F0B585B00746DDE90A600C9CF8
:10DA2000002815D0E4B15C2503952063022084F81A
:10DA30005900002004ADCDE90240CDE9006538462B
:10DA4000FEF70BFC2046FEF7B1FA049805B0F0BDD6
:10DA5000502080F31188BFF34F8FBFF36F8FFEE725
:10DA6000502080F31188BFF34F8FBFF36F8FFEE715
:10DA700005484169002903D0006B18B100207047A8
:10DA800001207047022070472C0000200148C06828
:10DA9000704700002C0000202DE9F04100262F4F98
:10DAA000386B002805D0B869401CB8613046BDE825
:10DAB000F081FD686D1CFD609DB9786B006838B120
:10DAC000502080F31188BFF34F8FBFF36F8FFEE7B5
:10DAD000786BB96B7963B863386A401C3862FEF7BB
:10DAE0008BFDB86ADFF8788085420DD3786B0068CB
:10DAF00038B1786BC068C4686068854212D2B86279
:10DB000002E04FF0FF30B8623868C06A00EB800076
:10DB100058F82000012800D90126F8690028C5D04E
:10DB20000126C3E7201DFFF721FAA06A18B104F10E
:10DB30001800FFF71BFAE06A3969884200D938619A
:10DB400000EB800008EB8000211DFFF75FFAE06A20
:10DB50003968C96A8842C9D30126C7E72C0000206A
:10DB6000F012002070B504460020002C2BD01A4D76
:10DB700029688C4207D0502080F31188BFF34F8F63
:10DB8000BFF36F8FFEE7216DF1B1491E2165E36C94
:10DB9000E26A9A4217D0002915D1201DFFF7E6F955
:10DBA000E06CE062C0F13800A061E06A2969884257
:10DBB00000D92861094900EB800001EB8000211D9C
:10DBC000FFF724FA012070BD502080F31188BFF3C5
:10DBD0004F8FBFF36F8FFEE72C000020F012002064
:10DBE00070B5C068C468002C14D004F11800064653
:10DBF000FFF7BCF9154D2A6BA2B131461448FFF767
:10DC000005FAE06A2968C96A88421CD90120012105
:10DC1000E96170BD502080F31188BFF34F8FBFF3CF
:10DC20006F8FFEE7201DFFF7A1F9E06A296988429E
:10DC300000D92861074900EB800001EB8000211D1D
:10DC4000FFF7E4F9DDE7002070BD00002C000020A4
:10DC500078170020F01200202DE9F0410024002761
:10DC60002B4D286B002807D0FFF7DCF9286B401EEE
:10DC70002863286B40B146E0502080F31188BFF341
:10DC80004F8FBFF36F8FFEE7A868E0B3DFF88480A3
:10DC900001261CE0D8F80C00C46804F11800FFF756
:10DCA00065F9201DFFF762F9E06A2969884200D909
:10DCB0002861194900EB800001EB8000211DFFF76E
:10DCC000A5F9E06A2968C96A884200D3EE61D8F8EC
:10DCD00000000028DED10CB1FEF78EFCAC6944B127
:10DCE000FFF7DAFE00B1EE61641E002CF8D10020CF
:10DCF000A861E86938B10127084938070860BFF30F
:10DD00004F8FBFF36F8FFFF7ADF93846BDE8F08155
:10DD10002C00002078170020F012002004ED00E015
:10DD200030B587B00024FEF785F9134D2868B0B1EF
:10DD300000200690059004AA05A906A8FFF734F96B
:10DD4000DDE905100222CDE90021029000230BA19C
:10DD50000C48049AFFF75EFE686000B1012414B11C
:10DD600007B0204630BD502080F31188BFF34F8F9D
:10DD7000BFF36F8FFEE7000068000020546D722033
:10DD800053766300E5C600082DE9FF4106460A9F69
:10DD90009C460020002E15D0154D2C68002C0ED06E
:10DDA00000910192029606291BDAFFF761FE022814
:10DDB00010D000231A4669462868FFF70BFC04B010
:10DDC000BDE8F081502080F31188BFF34F8FBFF37F
:10DDD0006F8FFEE700233A4669462868FFF7FAFB93
:10DDE000EDE70023624669462046FFF7A5FCE6E71B
:10DDF0006800002074EB0008000000000000000034
:10DE000000000000000000000008000020000000EA
:10DE1000000000000000000068EB000800000000A7
:10DE200000000000000000000000000000080000EA
:10DE30002000000000000000000000005CEB000873
:10DE400000000000000000000000000000000000D2
:10DE50000004000028000000000000000000000096
:10DE600050EB00080000000000000000000000006F
:10DE7000000000000004000010000000000000008E
:10DE80000000000048EB0008000000000000000057
:10DE9000000000000000000000040000100000006E
:10DEA000000000000000000000061016000610161A
:10DEB0000001020304050607080C10141820304066
:10DEC0000000000000000000000000000000000052
:10DED000000000000100000002000000030000003C
:10DEE0000400000000000000050000000000000029
:10DEF000000000000000000006000000000000001C
:10DF00000000000000000000070000000100020007
:10DF10000400060008000A000C0010002000400069
:10DF20008000000101010103070100000804020450
:10DF300008010101000000000102030401020304C2
:10DF400006070809005EBCE2613FDD83C29C7E20BB
:10DF5000A3FD1F419DC3217FFCA2401E5F01E3BDC5
:10DF60003E6082DC237D9FC1421CFEA0E1BF5D03B9
:10DF700080DE3C62BEE0025CDF81633D7C22C09EAD
:10DF80001D43A1FF4618FAA427799BC584DA386699
:10DF9000E5BB5907DB856739BAE406581947A5FB85
:10DFA0007826C49A653BD987045AB8E6A7F91B4579
:10DFB000C6987A24F8A6441A99C7257B3A6486D86D
:10DFC0005B05E7B98CD2306EEDB3510F4E10F2AC59
:10DFD0002F7193CD114FADF3702ECC92D38D6F3145
:10DFE000B2EC0E50AFF1134DCE90722C6D33D18F39
:10DFF0000C52B0EE326C8ED0530DEFB1F0AE4C122D
:10E0000091CF2D73CA947628ABF517490856B4EA18
:10E010006937D58B5709EBB536688AD495CB297704
:10E02000F4AA4816E9B7550B88D6346A2B7597C9F8
:10E030004A14F6A8742AC896154BA9F7B6E80A54EC
:10E04000D7896B350000891112239B322446AD57C6
:10E050003665BF74488CC19D5AAFD3BE6CCAE5DB30
:10E060007EE9F7F88110080193331A22A5562C4750
:10E07000B7753E64C99C408DDBBF52AEEDDA64CB10
:10E08000FFF976E802218B30100299132667AF76EC
:10E090003444BD554AADC3BC588ED19F6EEBE7FAF0
:10E0A0007CC8F5D983310A2091121803A7772E6610
:10E0B000B5543C45CBBD42ACD99E508FEFFB66EAD0
:10E0C000FDD874C904428D5316619F702004A915B0
:10E0D0003227BB364CCEC5DF5EEDD7FC6888E199B0
:10E0E0007AABF3BA85520C4397711E60A1142805D0
:10E0F000B3373A26CDDE44CFDFFD56ECE998608990
:10E10000FBBB72AA06638F7214409D512225AB346B
:10E110003006B9174EEFC7FE5CCCD5DD6AA9E3B86F
:10E12000788AF19B87730E6295501C41A3352A248F
:10E13000B1163807CFFF46EEDDDC54CDEBB962A84F
:10E14000F99A708B088481951AA793B62CC2A5D32F
:10E150003EE1B7F04008C919522BDB3A644EED5F3F
:10E16000766DFF7C899400859BB712A6ADD224C33F
:10E17000BFF136E0C1184809D33B5A2AE55E6C4F1F
:10E18000F77D7E6C0AA583B4188691972EE3A7F2DB
:10E190003CC0B5D14229CB38500AD91B666FEF7EFF
:10E1A000744CFD5D8BB502A499961087AFF326E2FF
:10E1B000BDD034C1C3394A28D11A580BE77F6E6EDF
:10E1C000F55C7C4D0CC685D71EE597F42880A1919F
:10E1D0003AA3B3B2444ACD5B5669DF78600CE91DBF
:10E1E000722FFB3E8DD604C79FF516E4A9902081BF
:10E1F000BBB332A2C55A4C4BD7795E68E11C680D9F
:10E20000F33F7A2E0EE787F61CC495D52AA1A3B05A
:10E210003882B193466BCF7A5448DD59622DEB3C7E
:10E22000700EF91F8FF706E69DD414C5ABB122A07E
:10E23000B9923083C77B4E6AD5585C49E33D6A2C5E
:10E24000F11E780F0000803F000000000000000079
:10E2500000000000000000000000000000000000BE
:10E260000000803F000000000000000000000000EF
:10E270000000000000000000000000000000803FDF
:10E28000000000000000000000000000000000008E
:10E2900000000000000000000000803F00000000BF
:10E2A000000000000000000000000000000000006E
:10E2B000000000000000803F00000000000000009F
:10E2C000000000000000000000000000000000004E
:10E2D0000000803F00000000920E493CB10AC93C9A
:10E2E0002BC3163D2EFB483D752B7B3D04A9963D67
:10E2F00080B6AF3D36BDC83D2FBCE13D73B2FA3D9F
:10E3000087CF093E8340163EB5AB223EA2102F3E7A
:10E31000CF6E3B3EC2C5473E0115543E135C603E86
:10E320007F9A6C3ECCCF783EC07D823E938E883EF5
:10E33000229A8E3E32A0943E86A09A3EE59AA03E56
:10E34000128FA63ED47CAC3EEF63B23E2A44B83E68
:10E35000491DBE3E15EFC33E53B9C93ECA7BCF3EF1
:10E360004136D53E80E8DA3E4F92E03E7533E63ED8
:10E37000BBCBEB3EEA5AF13ECBE0F63E275DFC3EDE
:10E38000E4E7003F3D9C033F824B063F9BF5083F7F
:10E390006B9A0B3FDA390E3FCDD3103F2A68133FFB
:10E3A000D9F6153FC07F183FC6021B3FD17F1D3FE6
:10E3B000CBF61F3F9967223F25D2243F5636273F91
:10E3C0001594293F4AEB2B3FDE3B2E3FBB85303F68
:10E3D000C9C8323FF304353F233A373F4268393FDB
:10E3E0003B8F3B3FF9AE3D3F67C73F3F70D8413F52
:10E3F00001E2433F03E4453F65DE473F12D1493F19
:10E40000F8BB4B3F029F4D3F207A4F3F3D4D513F60
:10E410004918533F31DB543FE595563F5348583F29
:10E420006AF2593F1A945B3F532D5D3F05BE5E3F34
:10E430002146603F97C5613F5A3C633F59AA643FFC
:10E44000880F663FD86B673F3CBF683FA7096A3FAC
:10E450000C4B6B3F5E836C3F93B26D3F9ED86E3F1B
:10E4600073F56F3F0809713F5213723F4714733FB2
:10E47000DD0B743F0BFA743FC6DE753F07BA763F7B
:10E48000C58B773FF853783F9812793F9DC7793F06
:10E4900002737A3FBE147B3FCDAC7B3F283B7C3F71
:10E4A000C9BF7C3FAC3A7D3FCCAB7D3F23137E3F61
:10E4B000B0707E3F6DC47E3F580E7F3F6D4E7F3FF4
:10E4C000AB847F3F0FB17F3F97D37F3F43EC7F3FCC
:10E4D00011FB7F3F0000803F11FB7F3F43EC7F3FFC
:10E4E00097D37F3F0FB17F3FAB847F3F6D4E7F3F20
:10E4F000580E7F3F6DC47E3FB0707E3F23137E3F3A
:10E50000CCAB7D3FAC3A7D3FC9BF7C3F283B7C3FD5
:10E51000CDAC7B3FBE147B3F02737A3F9DC7793FF2
:10E520009812793FF853783FC58B773F07BA763F0B
:10E53000C6DE753F0BFA743FDD0B743F4714733F23
:10E540005213723F0809713F73F56F3F9ED86E3FBB
:10E5500093B26D3F5E836C3F0C4B6B3FA7096A3FE4
:10E560003CBF683FD86B673F880F663F59AA643F3E
:10E570005A3C633F97C5613F2146603F05BE5E3F01
:10E58000532D5D3F1A945B3F6AF2593F5348583F01
:10E59000E595563F31DB543F4918533F3D4D513FC0
:10E5A000207A4F3F029F4D3FF8BB4B3F12D1493F6E
:10E5B00065DE473F03E4453F01E2433F70D8413FFA
:10E5C00067C73F3FF9AE3D3F3B8F3B3F4268393F16
:10E5D000233A373FF304353FC9C8323FBB85303F4C
:10E5E000DE3B2E3F4AEB2B3F1594293F5636273F03
:10E5F00025D2243F9967223FCBF61F3FD17F1D3F95
:10E60000C6021B3FC07F183FD9F6153F2A68133F4B
:10E61000CDD3103FDA390E3F6B9A0B3F9BF5083F85
:10E62000824B063F3D9C033FE4E7003F275DFC3EF5
:10E63000CBE0F63EEA5AF13EBBCBEB3E7533E63E0D
:10E640004F92E03E80E8DA3E4136D53ECA7BCF3E6F
:10E6500053B9C93E15EFC33E491DBE3E2A44B83EDC
:10E66000EF63B23ED47CAC3E128FA63EE59AA03E4C
:10E6700086A09A3E32A0943E229A8E3E938E883E89
:10E68000C07D823ECCCF783E7F9A6C3E135C603E6C
:10E690000115543EC2C5473ECF6E3B3EA2102F3EF1
:10E6A000B5AB223E8340163E87CF093E73B2FA3D9A
:10E6B0002FBCE13D36BDC83D80B6AF3D04A9963DB7
:10E6C000752B7B3D2EFB483D2BC3163DB10AC93C43
:10E6D000920E493C00000000920E49BCB10AC9BC30
:10E6E0002BC316BD2EFB48BD752B7BBD04A996BD63
:10E6F00080B6AFBD36BDC8BD2FBCE1BD73B2FABD9B
:10E7000087CF09BE834016BEB5AB22BEA2102FBE76
:10E71000CF6E3BBEC2C547BE011554BE135C60BE82
:10E720007F9A6CBECCCF78BEC07D82BE938E88BEF1
:10E73000229A8EBE32A094BE86A09ABEE59AA0BE52
:10E74000128FA6BED47CACBEEF63B2BE2A44B8BE64
:10E75000491DBEBE15EFC3BE53B9C9BECA7BCFBEED
:10E760004136D5BE80E8DABE4F92E0BE7533E6BED4
:10E77000BBCBEBBEEA5AF1BECBE0F6BE275DFCBEDA
:10E78000E4E700BF3D9C03BF824B06BF9BF508BF7B
:10E790006B9A0BBFDA390EBFCDD310BF2A6813BFF7
:10E7A000D9F615BFC07F18BFC6021BBFD17F1DBFE2
:10E7B000CBF61FBF996722BF25D224BF563627BF8D
:10E7C000159429BF4AEB2BBFDE3B2EBFBB8530BF64
:10E7D000C9C832BFF30435BF233A37BF426839BFD7
:10E7E0003B8F3BBFF9AE3DBF67C73FBF70D841BF4E
:10E7F00001E243BF03E445BF65DE47BF12D149BF15
:10E80000F8BB4BBF029F4DBF207A4FBF3D4D51BF5C
:10E81000491853BF31DB54BFE59556BF534858BF25
:10E820006AF259BF1A945BBF532D5DBF05BE5EBF30
:10E83000214660BF97C561BF5A3C63BF59AA64BFF8
:10E84000880F66BFD86B67BF3CBF68BFA7096ABFA8
:10E850000C4B6BBF5E836CBF93B26DBF9ED86EBF17
:10E8600073F56FBF080971BF521372BF471473BFAE
:10E87000DD0B74BF0BFA74BFC6DE75BF07BA76BF77
:10E88000C58B77BFF85378BF981279BF9DC779BF02
:10E8900002737ABFBE147BBFCDAC7BBF283B7CBF6D
:10E8A000C9BF7CBFAC3A7DBFCCAB7DBF23137EBF5D
:10E8B000B0707EBF6DC47EBF580E7FBF6D4E7FBFF0
:10E8C000AB847FBF0FB17FBF97D37FBF43EC7FBFC8
:10E8D00011FB7FBF000080BF11FB7FBF43EC7FBFF8
:10E8E00097D37FBF0FB17FBFAB847FBF6D4E7FBF1C
:10E8F000580E7FBF6DC47EBFB0707EBF23137EBF36
:10E90000CCAB7DBFAC3A7DBFC9BF7CBF283B7CBFD1
:10E91000CDAC7BBFBE147BBF02737ABF9DC779BFEE
:10E92000981279BFF85378BFC58B77BF07BA76BF07
:10E93000C6DE75BF0BFA74BFDD0B74BF471473BF1F
:10E94000521372BF080971BF73F56FBF9ED86EBFB7
:10E9500093B26DBF5E836CBF0C4B6BBFA7096ABFE0
:10E960003CBF68BFD86B67BF880F66BF59AA64BF3A
:10E970005A3C63BF97C561BF214660BF05BE5EBFFD
:10E98000532D5DBF1A945BBF6AF259BF534858BFFD
:10E99000E59556BF31DB54BF491853BF3D4D51BFBC
:10E9A000207A4FBF029F4DBFF8BB4BBF12D149BF6A
:10E9B00065DE47BF03E445BF01E243BF70D841BFF6
:10E9C00067C73FBFF9AE3DBF3B8F3BBF426839BF12
:10E9D000233A37BFF30435BFC9C832BFBB8530BF48
:10E9E000DE3B2EBF4AEB2BBF159429BF563627BFFF
:10E9F00025D224BF996722BFCBF61FBFD17F1DBF91
:10EA0000C6021BBFC07F18BFD9F615BF2A6813BF47
:10EA1000CDD310BFDA390EBF6B9A0BBF9BF508BF81
:10EA2000824B06BF3D9C03BFE4E700BF275DFCBEF1
:10EA3000CBE0F6BEEA5AF1BEBBCBEBBE7533E6BE09
:10EA40004F92E0BE80E8DABE4136D5BECA7BCFBE6B
:10EA500053B9C9BE15EFC3BE491DBEBE2A44B8BED8
:10EA6000EF63B2BED47CACBE128FA6BEE59AA0BE48
:10EA700086A09ABE32A094BE229A8EBE938E88BE85
:10EA8000C07D82BECCCF78BE7F9A6CBE135C60BE68
:10EA9000011554BEC2C547BECF6E3BBEA2102FBEED
:10EAA000B5AB22BE834016BE87CF09BE73B2FABD96
:10EAB0002FBCE1BD36BDC8BD80B6AFBD04A996BDB3
:10EAC000752B7BBD2EFB48BD2BC316BDB10AC9BC3F
:10EAD000920E49BC00000080000000000100803F51
:10EAE000C90CC0B7E565AABE435690BB3C695D3E04
:10EAF000EBFCA9BC08B732BEE745093EA59204BDB0
:10EB000000000000FEFFFF7FB60100008E1555D506
:10EB10006364030017F68519AE9219007F3AD5EEAB
:10EB20004552F1F8A4A3152204B0FAE02548DD0C03
:10EB300054C0DBFD0000FF7FFFFF67D570FFAD1BFA
:10EB400058FDA9E92911DBFB55495461736B00009D
:10EB50005570646174615461736B0000436F6D6D37
:10EB6000616E645461736B004374726C5461736BB7
:10EB7000000000004D6F6E69746F725461736B001A
:10EB8000B0EB000800000020800A00002008000808
:10EB9000ECED000800000024B4010000200800088B
:10EBA000ECED0008800A0020805D000068AB0008E2
:10EBB0000118320182103C90D0030401771AAA0197
:10EBC00061032CFFFF22E4B2204AFF0132FC0385DF
:10EBD000B44208081250C347CDCCCC3D0409531CA5
:10EBE000110B1AC8421C100DE7416B3A58A08B3A22
:10EBF0007D04017C160240AB034110090553080651
:10EC00005804070F160810820911160A15800B16F2
:10EC1000450C18010D13CC0302122003257A44443D
:10EC2000A08C45024FC813C05EF3200113400214AC
:10EC30002031B7140809B81B080D081A0508492423
:10EC400052320F4E76FD38FF8A028A016E323C1333
:10EC5000040342201351CA1B0881041315C91B0861
:10EC6000250812016202190729F84B800A28E103DE
:10EC700025B0411C80BB440502103F00091DA69B26
:10EC8000443B17B7513824401C466BFA45401338B3
:10EC9000041B2001915AF8B81AE80813C4601B201D
:10ECA000F0041304611B207820011813C992520844
:10ECB00029D1098DD84B1005D85AD0C01AC0081ACE
:10ECC00010D01A3C042A50041920092AD80B5020CD
:10ECD0000BD808092A52499D39ACC52737D85AE8BC
:10ECE000D85AA8C01A98081A5CD01A88041A9C042A
:10ECF0000B212806D8410959D808092AA69B443B6C
:10ED000017B7D138D81AC0B829D85A80C01A700895
:10ED10001AA8D01AD4041AE804110A2107D84A0301
:10ED2000D8399B0A120A300B21C040D44A459C09AD
:10ED300010D81A58841A48041AF4901320621B2021
:10ED400034040A22989829940959981AF0841AE0F0
:10ED5000041A40901A6C041A80040B2C3008980B8B
:10ED600050200B981A88841A78041A8C901AB804C8
:10ED70001ACC040A22C8980A5C03981320091B20A5
:10ED800010041AD8901304631B2018041A60100989
:10ED90001E98138C04142064051420AC07AB204487
:10EDA000C819ACCB800A405A8134133C061B20148E
:10EDB000301ADC30AA74641934E9DC693429FB693F
:10EDC000501A10081A24A01A3C041A58044B89142B
:10EDD00024011C1A64348B3C5C5C6B310F3443E8B7
:10EDE000031A88481A64045A6A64000001FF01B5D6
:04000005080002CD20
:00000001FF
